no,name,rider_title,rider_title_eligibility,rider_title_basis,country,era,primary_archetype,secondary_archetype,ace_aptitude,support_aptitude,preferred_roles,specialist_role,aptitude_tags,credit_salary,sprint,acceleration,punch,cruise,climb,stamina,resistance,technique,bikeControl,pave,recovery,dailyRecovery,teamwork,ego,fighting,pave_best_result,pave_finishes,pave_top10s,pave_wins,pave_status,pave_basis,pave_source_url,rating_status,rating_basis,profile_url,world_road_gold,world_road_silver,world_road_bronze,world_itt_gold,world_itt_silver,world_itt_bronze,world_championship_basis,world_championship_source_url,current_team,birth_date,active_status,selection_basis,active_source_url
1,Peter Sagan,虹のショーマン,"Credit 10,000以上","Credit 10,500／クラシック型／スプリンター／世界ロード金3／パリ〜ルーベ優勝1",スロバキア,現代,クラシック型,スプリンター,93,75,丘陵エース / スプリントトレイン / 石畳護衛,,加速力 / パンチ力 / スタミナ,11000,78,85,85,76,74,85,85,85,85,83,76,75,67,85,85,1,4,3,1,手動検証済,2018優勝、2019年5位、2014年6位 / ロンド優勝1回・加点+1・最低保証76,https://www.rondevanvlaanderen.be/en/race/men-elite/history,能力・適性・Credit整合済,"世界選手権ロード・個人TT表彰台実績を補正後、能力別順位上限を適用（85は各能力最大2名・1選手最大2項目）。パヴェはパリ〜ルーベ主基準・ロンド優勝を加点＋最低保証。役割・戦術特性を単一カテゴリへ統合。エース適性降順、同点はCredit・15能力平均・選手名順でNo.を再採番。役割人数を300名内順位で制御（TTスペシャリスト20、TT牽引45、平坦アシスト60、横風要員35、逃げ屋50）。エース適性90以上は名称に「アシスト」を含む役割を付与しない。Remco Evenepoel、Wout van Aert、Mathieu van der Poelは超ロングスパート固定。能力値を偏差値型分布（中央値約70）へ再配分。Tadej Pogacarのみ特別枠、各能力85は1〜2名、その他は84以下。能力・適性整合: エース適性は従来評価70%＋主脚質能力20%＋負けん気・エゴ10%＋主要実績、アシスト適性は支援能力70%＋従来評価30%で再計算。Creditは適性・主脚質能力・支援力・主要実績・85能力数から算定。能力・適性整合: エース適性は従来評価70%＋主脚質能力20%＋負けん気・エゴ10%＋主要実績、アシスト適性は支援能力70%＋従来評価30%で再計算。Creditは適性・主脚質能力・支援力・主要実績・85能力数・上位帯プレミアムから算定。上位5名はゲーム内基準価格を適用。Credit再計算: 適性・主脚質能力・支援力・主要実績・85能力数・上位帯プレミアムから算定。ポガチャル20,000、ファンデルプール／ビンゲゴー13,000、ワウト／エベネプール12,500を上位基準価格として固定。エース適性42%・主脚質能力28%・アシスト適性12%・総合能力8%・主要実績6%・知名度4%の合成順位を価格曲線へ変換し、上位5名は指定基準価格を適用。Credit全選手再査定: 現役・引退・区分保留の全選手を同一母集団で標準化。エース適性50%・主脚質能力20%・アシスト適性8%・総合能力5%・主要実績12%・知名度5%の合成順位を価格曲線へ変換し、上位5名は指定基準価格を適用",https://en.wikipedia.org/wiki/Special:Search?search=Peter%20Sagan%20cyclist,3,0,0,0,0,0,ロード 金3/銀0/銅0、ITT 金0/銀0/銅0,https://www.uci.org/discipline/road/6TBjsDD8902tud440iv1Cu?discipline=ROA&tab=results,,,区分保留,2026 WorldTeam外・現役／引退を断定せず保留,https://en.wikipedia.org/wiki/Special:Search?search=Peter%20Sagan%20cyclist
2,Mads Pedersen,北欧の暴風,"Credit 10,000以上","Credit 10,000／クラシック型／スプリンター／世界ロード金1",デンマーク,現代,クラシック型,スプリンター,93,81,丘陵エース / スプリントトレイン / 石畳護衛,,最高速 / 耐久力 / 技術力,10800,85,80,78,78,64,77,85,85,85,76,74,74,77,77,85,7,3,1,0,結果照合済,最高7位 / 完走3回 / Top10 1回 / 優勝0回,https://bikeraceinfo.com/classics/paris-roubaix/pr2026.html,能力・適性・Credit整合済,"世界選手権ロード・個人TT表彰台実績を補正後、能力別順位上限を適用（85は各能力最大2名・1選手最大2項目）。パヴェはパリ〜ルーベ主基準・ロンド優勝を加点＋最低保証。役割・戦術特性を単一カテゴリへ統合。エース適性降順、同点はCredit・15能力平均・選手名順でNo.を再採番。役割人数を300名内順位で制御（TTスペシャリスト20、TT牽引45、平坦アシスト60、横風要員35、逃げ屋50）。エース適性90以上は名称に「アシスト」を含む役割を付与しない。Remco Evenepoel、Wout van Aert、Mathieu van der Poelは超ロングスパート固定。能力値を偏差値型分布（中央値約70）へ再配分。Tadej Pogacarのみ特別枠、各能力85は1〜2名、その他は84以下。能力・適性整合: エース適性は従来評価70%＋主脚質能力20%＋負けん気・エゴ10%＋主要実績、アシスト適性は支援能力70%＋従来評価30%で再計算。Creditは適性・主脚質能力・支援力・主要実績・85能力数から算定。能力・適性整合: エース適性は従来評価70%＋主脚質能力20%＋負けん気・エゴ10%＋主要実績、アシスト適性は支援能力70%＋従来評価30%で再計算。Creditは適性・主脚質能力・支援力・主要実績・85能力数・上位帯プレミアムから算定。上位5名はゲーム内基準価格を適用。Credit再計算: 適性・主脚質能力・支援力・主要実績・85能力数・上位帯プレミアムから算定。ポガチャル20,000、ファンデルプール／ビンゲゴー13,000、ワウト／エベネプール12,500を上位基準価格として固定。エース適性42%・主脚質能力28%・アシスト適性12%・総合能力8%・主要実績6%・知名度4%の合成順位を価格曲線へ変換し、上位5名は指定基準価格を適用。Credit全選手再査定: 現役・引退・区分保留の全選手を同一母集団で標準化。エース適性50%・主脚質能力20%・アシスト適性8%・総合能力5%・主要実績12%・知名度5%の合成順位を価格曲線へ変換し、上位5名は指定基準価格を適用",https://en.wikipedia.org/wiki/Special:Search?search=Mads%20Pedersen%20cyclist,1,0,0,0,0,0,ロード 金1/銀0/銅0、ITT 金0/銀0/銅0,https://www.uci.org/discipline/road/6TBjsDD8902tud440iv1Cu?discipline=ROA&tab=results,,,区分保留,2026 WorldTeam外・現役／引退を断定せず保留,https://en.wikipedia.org/wiki/Special:Search?search=Mads%20Pedersen%20cyclist
3,Romain Bardet,,対象外,,フランス,現代,クライマー,パンチャー,89,70,山岳エース / 山岳番手 / 逃げ屋,,登坂力 / 回復力 / 闘争心,9550,59,76,74,66,80,79,79,67,71,50,80,79,65,76,80,,0,0,0,要出走確認,1960〜2026完走順位との一致なし。未出走または表記差を要確認,https://bikeraceinfo.com/classics/paris-roubaix/paris-roubaix-index.html,能力・適性・Credit整合済,"世界選手権ロード・個人TT表彰台実績を補正後、能力別順位上限を適用（85は各能力最大2名・1選手最大2項目）。パヴェはパリ〜ルーベ主基準・ロンド優勝を加点＋最低保証。役割・戦術特性を単一カテゴリへ統合。エース適性降順、同点はCredit・15能力平均・選手名順でNo.を再採番。役割人数を300名内順位で制御（TTスペシャリスト20、TT牽引45、平坦アシスト60、横風要員35、逃げ屋50）。エース適性90以上は名称に「アシスト」を含む役割を付与しない。Remco Evenepoel、Wout van Aert、Mathieu van der Poelは超ロングスパート固定。能力値を偏差値型分布（中央値約70）へ再配分。Tadej Pogacarのみ特別枠、各能力85は1〜2名、その他は84以下。能力・適性整合: エース適性は従来評価70%＋主脚質能力20%＋負けん気・エゴ10%＋主要実績、アシスト適性は支援能力70%＋従来評価30%で再計算。Creditは適性・主脚質能力・支援力・主要実績・85能力数から算定。能力・適性整合: エース適性は従来評価70%＋主脚質能力20%＋負けん気・エゴ10%＋主要実績、アシスト適性は支援能力70%＋従来評価30%で再計算。Creditは適性・主脚質能力・支援力・主要実績・85能力数・上位帯プレミアムから算定。上位5名はゲーム内基準価格を適用。Credit再計算: 適性・主脚質能力・支援力・主要実績・85能力数・上位帯プレミアムから算定。ポガチャル20,000、ファンデルプール／ビンゲゴー13,000、ワウト／エベネプール12,500を上位基準価格として固定。エース適性42%・主脚質能力28%・アシスト適性12%・総合能力8%・主要実績6%・知名度4%の合成順位を価格曲線へ変換し、上位5名は指定基準価格を適用。Credit全選手再査定: 現役・引退・区分保留の全選手を同一母集団で標準化。エース適性50%・主脚質能力20%・アシスト適性8%・総合能力5%・主要実績12%・知名度5%の合成順位を価格曲線へ変換し、上位5名は指定基準価格を適用",https://en.wikipedia.org/wiki/Special:Search?search=Romain%20Bardet%20cyclist,0,1,0,0,0,0,ロード 金0/銀1/銅0、ITT 金0/銀0/銅0,https://www.uci.org/discipline/road/6TBjsDD8902tud440iv1Cu?discipline=ROA&tab=results,,,区分保留,2026 WorldTeam外・現役／引退を断定せず保留,https://en.wikipedia.org/wiki/Special:Search?search=Romain%20Bardet%20cyclist
4,Joao Almeida,,対象外,,ポルトガル,現代,総合型,TT・ルーラー型,88,76,総合エース / 集団コントローラー / 山岳番手,,回復力 / 日別回復 / 登坂力,9100,61,72,74,71,77,77,76,70,72,50,85,85,67,76,71,,0,0,0,要出走確認,1960〜2026完走順位との一致なし。未出走または表記差を要確認,https://bikeraceinfo.com/classics/paris-roubaix/paris-roubaix-index.html,能力・適性・Credit整合済,"世界選手権ロード・個人TT表彰台実績を補正後、能力別順位上限を適用（85は各能力最大2名・1選手最大2項目）。パヴェはパリ〜ルーベ主基準・ロンド優勝を加点＋最低保証。役割・戦術特性を単一カテゴリへ統合。エース適性降順、同点はCredit・15能力平均・選手名順でNo.を再採番。役割人数を300名内順位で制御（TTスペシャリスト20、TT牽引45、平坦アシスト60、横風要員35、逃げ屋50）。エース適性90以上は名称に「アシスト」を含む役割を付与しない。Remco Evenepoel、Wout van Aert、Mathieu van der Poelは超ロングスパート固定。能力値を偏差値型分布（中央値約70）へ再配分。Tadej Pogacarのみ特別枠、各能力85は1〜2名、その他は84以下。能力・適性整合: エース適性は従来評価70%＋主脚質能力20%＋負けん気・エゴ10%＋主要実績、アシスト適性は支援能力70%＋従来評価30%で再計算。Creditは適性・主脚質能力・支援力・主要実績・85能力数から算定。能力・適性整合: エース適性は従来評価70%＋主脚質能力20%＋負けん気・エゴ10%＋主要実績、アシスト適性は支援能力70%＋従来評価30%で再計算。Creditは適性・主脚質能力・支援力・主要実績・85能力数・上位帯プレミアムから算定。上位5名はゲーム内基準価格を適用。Credit再計算: 適性・主脚質能力・支援力・主要実績・85能力数・上位帯プレミアムから算定。ポガチャル20,000、ファンデルプール／ビンゲゴー13,000、ワウト／エベネプール12,500を上位基準価格として固定。エース適性42%・主脚質能力28%・アシスト適性12%・総合能力8%・主要実績6%・知名度4%の合成順位を価格曲線へ変換し、上位5名は指定基準価格を適用。Credit全選手再査定: 現役・引退・区分保留の全選手を同一母集団で標準化。エース適性50%・主脚質能力20%・アシスト適性8%・総合能力5%・主要実績12%・知名度5%の合成順位を価格曲線へ変換し、上位5名は指定基準価格を適用",https://en.wikipedia.org/wiki/Special:Search?search=Joao%20Almeida%20cyclist,0,0,0,0,0,0,ロード 金0/銀0/銅0、ITT 金0/銀0/銅0,,,,区分保留,2026 WorldTeam外・現役／引退を断定せず保留,https://en.wikipedia.org/wiki/Special:Search?search=Joao%20Almeida%20cyclist
5,Marcel Kittel,,対象外,,ドイツ,現代,スプリンター,クラシック型,88,63,スプリントエース / リードアウト / 最終発射台,,最高速 / 加速力 / 自己主張,7800,85,85,71,71,57,63,64,67,73,50,73,72,57,85,69,,0,0,0,要出走確認,1960〜2026完走順位との一致なし。未出走または表記差を要確認,https://bikeraceinfo.com/classics/paris-roubaix/paris-roubaix-index.html,能力・適性・Credit整合済,"世界選手権ロード・個人TT表彰台実績を補正後、能力別順位上限を適用（85は各能力最大2名・1選手最大2項目）。パヴェはパリ〜ルーベ主基準・ロンド優勝を加点＋最低保証。役割・戦術特性を単一カテゴリへ統合。エース適性降順、同点はCredit・15能力平均・選手名順でNo.を再採番。役割人数を300名内順位で制御（TTスペシャリスト20、TT牽引45、平坦アシスト60、横風要員35、逃げ屋50）。エース適性90以上は名称に「アシスト」を含む役割を付与しない。Remco Evenepoel、Wout van Aert、Mathieu van der Poelは超ロングスパート固定。能力値を偏差値型分布（中央値約70）へ再配分。Tadej Pogacarのみ特別枠、各能力85は1〜2名、その他は84以下。能力・適性整合: エース適性は従来評価70%＋主脚質能力20%＋負けん気・エゴ10%＋主要実績、アシスト適性は支援能力70%＋従来評価30%で再計算。Creditは適性・主脚質能力・支援力・主要実績・85能力数から算定。能力・適性整合: エース適性は従来評価70%＋主脚質能力20%＋負けん気・エゴ10%＋主要実績、アシスト適性は支援能力70%＋従来評価30%で再計算。Creditは適性・主脚質能力・支援力・主要実績・85能力数・上位帯プレミアムから算定。上位5名はゲーム内基準価格を適用。Credit再計算: 適性・主脚質能力・支援力・主要実績・85能力数・上位帯プレミアムから算定。ポガチャル20,000、ファンデルプール／ビンゲゴー13,000、ワウト／エベネプール12,500を上位基準価格として固定。エース適性42%・主脚質能力28%・アシスト適性12%・総合能力8%・主要実績6%・知名度4%の合成順位を価格曲線へ変換し、上位5名は指定基準価格を適用。Credit全選手再査定: 現役・引退・区分保留の全選手を同一母集団で標準化。エース適性50%・主脚質能力20%・アシスト適性8%・総合能力5%・主要実績12%・知名度5%の合成順位を価格曲線へ変換し、上位5名は指定基準価格を適用",https://en.wikipedia.org/wiki/Special:Search?search=Marcel%20Kittel%20cyclist,0,0,0,0,0,0,ロード 金0/銀0/銅0、ITT 金0/銀0/銅0,,,,区分保留,2026 WorldTeam外・現役／引退を断定せず保留,https://en.wikipedia.org/wiki/Special:Search?search=Marcel%20Kittel%20cyclist
6,Rohan Dennis,豪州の時計砕き,著名実績枠,"Credit 9,400／TT・ルーラー型／総合型／世界ITT金2",オーストラリア,現代,TT・ルーラー型,総合型,86,81,総合エース / TTスペシャリスト / 集団コントローラー,,連携力 / 巡航力 / スタミナ,10400,65,70,70,83,73,80,80,80,72,50,74,74,85,72,70,,0,0,0,要出走確認,1960〜2026完走順位との一致なし。未出走または表記差を要確認,https://bikeraceinfo.com/classics/paris-roubaix/paris-roubaix-index.html,能力・適性・Credit整合済,"世界選手権ロード・個人TT表彰台実績を補正後、能力別順位上限を適用（85は各能力最大2名・1選手最大2項目）。パヴェはパリ〜ルーベ主基準・ロンド優勝を加点＋最低保証。役割・戦術特性を単一カテゴリへ統合。エース適性降順、同点はCredit・15能力平均・選手名順でNo.を再採番。役割人数を300名内順位で制御（TTスペシャリスト20、TT牽引45、平坦アシスト60、横風要員35、逃げ屋50）。エース適性90以上は名称に「アシスト」を含む役割を付与しない。Remco Evenepoel、Wout van Aert、Mathieu van der Poelは超ロングスパート固定。能力値を偏差値型分布（中央値約70）へ再配分。Tadej Pogacarのみ特別枠、各能力85は1〜2名、その他は84以下。能力・適性整合: エース適性は従来評価70%＋主脚質能力20%＋負けん気・エゴ10%＋主要実績、アシスト適性は支援能力70%＋従来評価30%で再計算。Creditは適性・主脚質能力・支援力・主要実績・85能力数から算定。能力・適性整合: エース適性は従来評価70%＋主脚質能力20%＋負けん気・エゴ10%＋主要実績、アシスト適性は支援能力70%＋従来評価30%で再計算。Creditは適性・主脚質能力・支援力・主要実績・85能力数・上位帯プレミアムから算定。上位5名はゲーム内基準価格を適用。Credit再計算: 適性・主脚質能力・支援力・主要実績・85能力数・上位帯プレミアムから算定。ポガチャル20,000、ファンデルプール／ビンゲゴー13,000、ワウト／エベネプール12,500を上位基準価格として固定。エース適性42%・主脚質能力28%・アシスト適性12%・総合能力8%・主要実績6%・知名度4%の合成順位を価格曲線へ変換し、上位5名は指定基準価格を適用。Credit全選手再査定: 現役・引退・区分保留の全選手を同一母集団で標準化。エース適性50%・主脚質能力20%・アシスト適性8%・総合能力5%・主要実績12%・知名度5%の合成順位を価格曲線へ変換し、上位5名は指定基準価格を適用",https://en.wikipedia.org/wiki/Special:Search?search=Rohan%20Dennis%20cyclist,0,0,0,2,0,0,ロード 金0/銀0/銅0、ITT 金2/銀0/銅0,https://www.uci.org/discipline/road/6TBjsDD8902tud440iv1Cu?discipline=ROA&tab=results,,,区分保留,2026 WorldTeam外・現役／引退を断定せず保留,https://en.wikipedia.org/wiki/Special:Search?search=Rohan%20Dennis%20cyclist
7,Carlos Rodriguez,,対象外,,スペイン,現代,総合型,クライマー,86,74,総合エース / 山岳賞ハンター / 山岳番手,,回復力 / 日別回復 / 登坂力,8700,58,72,77,67,80,76,75,67,73,50,85,85,65,77,71,,0,0,0,要出走確認,1960〜2026完走順位との一致なし。未出走または表記差を要確認,https://bikeraceinfo.com/classics/paris-roubaix/paris-roubaix-index.html,能力・適性・Credit整合済,"世界選手権ロード・個人TT表彰台実績を補正後、能力別順位上限を適用（85は各能力最大2名・1選手最大2項目）。パヴェはパリ〜ルーベ主基準・ロンド優勝を加点＋最低保証。役割・戦術特性を単一カテゴリへ統合。エース適性降順、同点はCredit・15能力平均・選手名順でNo.を再採番。役割人数を300名内順位で制御（TTスペシャリスト20、TT牽引45、平坦アシスト60、横風要員35、逃げ屋50）。エース適性90以上は名称に「アシスト」を含む役割を付与しない。Remco Evenepoel、Wout van Aert、Mathieu van der Poelは超ロングスパート固定。能力値を偏差値型分布（中央値約70）へ再配分。Tadej Pogacarのみ特別枠、各能力85は1〜2名、その他は84以下。能力・適性整合: エース適性は従来評価70%＋主脚質能力20%＋負けん気・エゴ10%＋主要実績、アシスト適性は支援能力70%＋従来評価30%で再計算。Creditは適性・主脚質能力・支援力・主要実績・85能力数から算定。能力・適性整合: エース適性は従来評価70%＋主脚質能力20%＋負けん気・エゴ10%＋主要実績、アシスト適性は支援能力70%＋従来評価30%で再計算。Creditは適性・主脚質能力・支援力・主要実績・85能力数・上位帯プレミアムから算定。上位5名はゲーム内基準価格を適用。Credit再計算: 適性・主脚質能力・支援力・主要実績・85能力数・上位帯プレミアムから算定。ポガチャル20,000、ファンデルプール／ビンゲゴー13,000、ワウト／エベネプール12,500を上位基準価格として固定。エース適性42%・主脚質能力28%・アシスト適性12%・総合能力8%・主要実績6%・知名度4%の合成順位を価格曲線へ変換し、上位5名は指定基準価格を適用。Credit全選手再査定: 現役・引退・区分保留の全選手を同一母集団で標準化。エース適性50%・主脚質能力20%・アシスト適性8%・総合能力5%・主要実績12%・知名度5%の合成順位を価格曲線へ変換し、上位5名は指定基準価格を適用",https://en.wikipedia.org/wiki/Special:Search?search=Carlos%20Rodriguez%20cyclist,0,0,0,0,0,0,ロード 金0/銀0/銅0、ITT 金0/銀0/銅0,,,,区分保留,2026 WorldTeam外・現役／引退を断定せず保留,https://en.wikipedia.org/wiki/Special:Search?search=Carlos%20Rodriguez%20cyclist
8,Lenny Martinez,,対象外,,フランス,現代,クライマー,パンチャー,85,73,山岳エース / 山岳賞ハンター / 山岳アシスト,,登坂力 / 回復力 / 闘争心,8100,60,73,75,65,80,74,73,66,71,50,79,78,68,76,79,,0,0,0,要出走確認,1960〜2026完走順位との一致なし。未出走または表記差を要確認,https://bikeraceinfo.com/classics/paris-roubaix/paris-roubaix-index.html,能力・適性・Credit整合済,"世界選手権ロード・個人TT表彰台実績を補正後、能力別順位上限を適用（85は各能力最大2名・1選手最大2項目）。パヴェはパリ〜ルーベ主基準・ロンド優勝を加点＋最低保証。役割・戦術特性を単一カテゴリへ統合。エース適性降順、同点はCredit・15能力平均・選手名順でNo.を再採番。役割人数を300名内順位で制御（TTスペシャリスト20、TT牽引45、平坦アシスト60、横風要員35、逃げ屋50）。エース適性90以上は名称に「アシスト」を含む役割を付与しない。Remco Evenepoel、Wout van Aert、Mathieu van der Poelは超ロングスパート固定。能力値を偏差値型分布（中央値約70）へ再配分。Tadej Pogacarのみ特別枠、各能力85は1〜2名、その他は84以下。能力・適性整合: エース適性は従来評価70%＋主脚質能力20%＋負けん気・エゴ10%＋主要実績、アシスト適性は支援能力70%＋従来評価30%で再計算。Creditは適性・主脚質能力・支援力・主要実績・85能力数から算定。能力・適性整合: エース適性は従来評価70%＋主脚質能力20%＋負けん気・エゴ10%＋主要実績、アシスト適性は支援能力70%＋従来評価30%で再計算。Creditは適性・主脚質能力・支援力・主要実績・85能力数・上位帯プレミアムから算定。上位5名はゲーム内基準価格を適用。Credit再計算: 適性・主脚質能力・支援力・主要実績・85能力数・上位帯プレミアムから算定。ポガチャル20,000、ファンデルプール／ビンゲゴー13,000、ワウト／エベネプール12,500を上位基準価格として固定。エース適性42%・主脚質能力28%・アシスト適性12%・総合能力8%・主要実績6%・知名度4%の合成順位を価格曲線へ変換し、上位5名は指定基準価格を適用。Credit全選手再査定: 現役・引退・区分保留の全選手を同一母集団で標準化。エース適性50%・主脚質能力20%・アシスト適性8%・総合能力5%・主要実績12%・知名度5%の合成順位を価格曲線へ変換し、上位5名は指定基準価格を適用",https://en.wikipedia.org/wiki/Special:Search?search=Lenny%20Martinez%20cyclist,0,0,0,0,0,0,ロード 金0/銀0/銅0、ITT 金0/銀0/銅0,,,,区分保留,2026 WorldTeam外・現役／引退を断定せず保留,https://en.wikipedia.org/wiki/Special:Search?search=Lenny%20Martinez%20cyclist
9,Thomas De Gendt,,対象外,,ベルギー,現代,TT・ルーラー型,クラシック型,83,74,丘陵エース / 平坦ペースメーカー / TTスペシャリスト,,巡航力 / 技術力 / スタミナ,7500,68,70,69,81,69,76,76,78,72,50,73,73,72,75,70,,0,0,0,要出走確認,1960〜2026完走順位との一致なし。未出走または表記差を要確認,https://bikeraceinfo.com/classics/paris-roubaix/paris-roubaix-index.html,能力・適性・Credit整合済,"世界選手権ロード・個人TT表彰台実績を補正後、能力別順位上限を適用（85は各能力最大2名・1選手最大2項目）。パヴェはパリ〜ルーベ主基準・ロンド優勝を加点＋最低保証。役割・戦術特性を単一カテゴリへ統合。エース適性降順、同点はCredit・15能力平均・選手名順でNo.を再採番。役割人数を300名内順位で制御（TTスペシャリスト20、TT牽引45、平坦アシスト60、横風要員35、逃げ屋50）。エース適性90以上は名称に「アシスト」を含む役割を付与しない。Remco Evenepoel、Wout van Aert、Mathieu van der Poelは超ロングスパート固定。能力値を偏差値型分布（中央値約70）へ再配分。Tadej Pogacarのみ特別枠、各能力85は1〜2名、その他は84以下。能力・適性整合: エース適性は従来評価70%＋主脚質能力20%＋負けん気・エゴ10%＋主要実績、アシスト適性は支援能力70%＋従来評価30%で再計算。Creditは適性・主脚質能力・支援力・主要実績・85能力数から算定。能力・適性整合: エース適性は従来評価70%＋主脚質能力20%＋負けん気・エゴ10%＋主要実績、アシスト適性は支援能力70%＋従来評価30%で再計算。Creditは適性・主脚質能力・支援力・主要実績・85能力数・上位帯プレミアムから算定。上位5名はゲーム内基準価格を適用。Credit再計算: 適性・主脚質能力・支援力・主要実績・85能力数・上位帯プレミアムから算定。ポガチャル20,000、ファンデルプール／ビンゲゴー13,000、ワウト／エベネプール12,500を上位基準価格として固定。エース適性42%・主脚質能力28%・アシスト適性12%・総合能力8%・主要実績6%・知名度4%の合成順位を価格曲線へ変換し、上位5名は指定基準価格を適用。Credit全選手再査定: 現役・引退・区分保留の全選手を同一母集団で標準化。エース適性50%・主脚質能力20%・アシスト適性8%・総合能力5%・主要実績12%・知名度5%の合成順位を価格曲線へ変換し、上位5名は指定基準価格を適用",https://en.wikipedia.org/wiki/Special:Search?search=Thomas%20De%20Gendt%20cyclist,0,0,0,0,0,0,ロード 金0/銀0/銅0、ITT 金0/銀0/銅0,,,,区分保留,2026 WorldTeam外・現役／引退を断定せず保留,https://en.wikipedia.org/wiki/Special:Search?search=Thomas%20De%20Gendt%20cyclist
10,Soren Waerenskjold,,対象外,,ノルウェー,現代,TT・ルーラー型,スプリンター,81,79,サブエース / スプリントトレイン / TTスペシャリスト,,巡航力 / 技術力 / 連携力,6900,73,71,69,80,67,73,71,79,71,50,72,72,78,72,69,,0,0,0,要出走確認,1960〜2026完走順位との一致なし。未出走または表記差を要確認,https://bikeraceinfo.com/classics/paris-roubaix/paris-roubaix-index.html,能力・適性・Credit整合済,"世界選手権ロード・個人TT表彰台実績を補正後、能力別順位上限を適用（85は各能力最大2名・1選手最大2項目）。パヴェはパリ〜ルーベ主基準・ロンド優勝を加点＋最低保証。役割・戦術特性を単一カテゴリへ統合。エース適性降順、同点はCredit・15能力平均・選手名順でNo.を再採番。役割人数を300名内順位で制御（TTスペシャリスト20、TT牽引45、平坦アシスト60、横風要員35、逃げ屋50）。エース適性90以上は名称に「アシスト」を含む役割を付与しない。Remco Evenepoel、Wout van Aert、Mathieu van der Poelは超ロングスパート固定。能力値を偏差値型分布（中央値約70）へ再配分。Tadej Pogacarのみ特別枠、各能力85は1〜2名、その他は84以下。能力・適性整合: エース適性は従来評価70%＋主脚質能力20%＋負けん気・エゴ10%＋主要実績、アシスト適性は支援能力70%＋従来評価30%で再計算。Creditは適性・主脚質能力・支援力・主要実績・85能力数から算定。能力・適性整合: エース適性は従来評価70%＋主脚質能力20%＋負けん気・エゴ10%＋主要実績、アシスト適性は支援能力70%＋従来評価30%で再計算。Creditは適性・主脚質能力・支援力・主要実績・85能力数・上位帯プレミアムから算定。上位5名はゲーム内基準価格を適用。Credit再計算: 適性・主脚質能力・支援力・主要実績・85能力数・上位帯プレミアムから算定。ポガチャル20,000、ファンデルプール／ビンゲゴー13,000、ワウト／エベネプール12,500を上位基準価格として固定。エース適性42%・主脚質能力28%・アシスト適性12%・総合能力8%・主要実績6%・知名度4%の合成順位を価格曲線へ変換し、上位5名は指定基準価格を適用。Credit全選手再査定: 現役・引退・区分保留の全選手を同一母集団で標準化。エース適性50%・主脚質能力20%・アシスト適性8%・総合能力5%・主要実績12%・知名度5%の合成順位を価格曲線へ変換し、上位5名は指定基準価格を適用",https://en.wikipedia.org/wiki/Special:Search?search=Soren%20Waerenskjold%20cyclist,0,0,0,0,0,0,ロード 金0/銀0/銅0、ITT 金0/銀0/銅0,,,,区分保留,2026 WorldTeam外・現役／引退を断定せず保留,https://en.wikipedia.org/wiki/Special:Search?search=Soren%20Waerenskjold%20cyclist
11,Michal Kwiatkowski,ポーランドの虹,著名実績枠,"Credit 6,200／クライマー／総合型／世界ロード金1",ポーランド,現代,クライマー,総合型,80,78,サブエース / 山岳アシスト / 山岳番手,,スタミナ / 登坂力 / 耐久力,9350,58,70,72,63,79,85,77,66,69,50,77,77,69,72,75,,0,0,0,要出走確認,1960〜2026完走順位との一致なし。未出走または表記差を要確認,https://bikeraceinfo.com/classics/paris-roubaix/paris-roubaix-index.html,能力・適性・Credit整合済,"世界選手権ロード・個人TT表彰台実績を補正後、能力別順位上限を適用（85は各能力最大2名・1選手最大2項目）。パヴェはパリ〜ルーベ主基準・ロンド優勝を加点＋最低保証。役割・戦術特性を単一カテゴリへ統合。エース適性降順、同点はCredit・15能力平均・選手名順でNo.を再採番。役割人数を300名内順位で制御（TTスペシャリスト20、TT牽引45、平坦アシスト60、横風要員35、逃げ屋50）。エース適性90以上は名称に「アシスト」を含む役割を付与しない。Remco Evenepoel、Wout van Aert、Mathieu van der Poelは超ロングスパート固定。能力値を偏差値型分布（中央値約70）へ再配分。Tadej Pogacarのみ特別枠、各能力85は1〜2名、その他は84以下。能力・適性整合: エース適性は従来評価70%＋主脚質能力20%＋負けん気・エゴ10%＋主要実績、アシスト適性は支援能力70%＋従来評価30%で再計算。Creditは適性・主脚質能力・支援力・主要実績・85能力数から算定。能力・適性整合: エース適性は従来評価70%＋主脚質能力20%＋負けん気・エゴ10%＋主要実績、アシスト適性は支援能力70%＋従来評価30%で再計算。Creditは適性・主脚質能力・支援力・主要実績・85能力数・上位帯プレミアムから算定。上位5名はゲーム内基準価格を適用。Credit再計算: 適性・主脚質能力・支援力・主要実績・85能力数・上位帯プレミアムから算定。ポガチャル20,000、ファンデルプール／ビンゲゴー13,000、ワウト／エベネプール12,500を上位基準価格として固定。エース適性42%・主脚質能力28%・アシスト適性12%・総合能力8%・主要実績6%・知名度4%の合成順位を価格曲線へ変換し、上位5名は指定基準価格を適用。Credit全選手再査定: 現役・引退・区分保留の全選手を同一母集団で標準化。エース適性50%・主脚質能力20%・アシスト適性8%・総合能力5%・主要実績12%・知名度5%の合成順位を価格曲線へ変換し、上位5名は指定基準価格を適用",https://en.wikipedia.org/wiki/Special:Search?search=Michal%20Kwiatkowski%20cyclist,1,0,0,0,0,0,ロード 金1/銀0/銅0、ITT 金0/銀0/銅0,https://www.uci.org/discipline/road/6TBjsDD8902tud440iv1Cu?discipline=ROA&tab=results,,,区分保留,2026 WorldTeam外・現役／引退を断定せず保留,https://en.wikipedia.org/wiki/Special:Search?search=Michal%20Kwiatkowski%20cyclist
12,Wout Poels,,対象外,,オランダ,現代,クライマー,総合型,78,77,サブエース / スーパー・ドメスティーク / 山岳アシスト,,日別回復 / 登坂力 / 回復力,6450,57,71,73,65,78,75,75,65,70,50,78,79,69,72,74,,0,0,0,要出走確認,1960〜2026完走順位との一致なし。未出走または表記差を要確認,https://bikeraceinfo.com/classics/paris-roubaix/paris-roubaix-index.html,能力・適性・Credit整合済,"世界選手権ロード・個人TT表彰台実績を補正後、能力別順位上限を適用（85は各能力最大2名・1選手最大2項目）。パヴェはパリ〜ルーベ主基準・ロンド優勝を加点＋最低保証。役割・戦術特性を単一カテゴリへ統合。エース適性降順、同点はCredit・15能力平均・選手名順でNo.を再採番。役割人数を300名内順位で制御（TTスペシャリスト20、TT牽引45、平坦アシスト60、横風要員35、逃げ屋50）。エース適性90以上は名称に「アシスト」を含む役割を付与しない。Remco Evenepoel、Wout van Aert、Mathieu van der Poelは超ロングスパート固定。能力値を偏差値型分布（中央値約70）へ再配分。Tadej Pogacarのみ特別枠、各能力85は1〜2名、その他は84以下。能力・適性整合: エース適性は従来評価70%＋主脚質能力20%＋負けん気・エゴ10%＋主要実績、アシスト適性は支援能力70%＋従来評価30%で再計算。Creditは適性・主脚質能力・支援力・主要実績・85能力数から算定。能力・適性整合: エース適性は従来評価70%＋主脚質能力20%＋負けん気・エゴ10%＋主要実績、アシスト適性は支援能力70%＋従来評価30%で再計算。Creditは適性・主脚質能力・支援力・主要実績・85能力数・上位帯プレミアムから算定。上位5名はゲーム内基準価格を適用。Credit再計算: 適性・主脚質能力・支援力・主要実績・85能力数・上位帯プレミアムから算定。ポガチャル20,000、ファンデルプール／ビンゲゴー13,000、ワウト／エベネプール12,500を上位基準価格として固定。エース適性42%・主脚質能力28%・アシスト適性12%・総合能力8%・主要実績6%・知名度4%の合成順位を価格曲線へ変換し、上位5名は指定基準価格を適用。Credit全選手再査定: 現役・引退・区分保留の全選手を同一母集団で標準化。エース適性50%・主脚質能力20%・アシスト適性8%・総合能力5%・主要実績12%・知名度5%の合成順位を価格曲線へ変換し、上位5名は指定基準価格を適用",https://en.wikipedia.org/wiki/Special:Search?search=Wout%20Poels%20cyclist,0,0,0,0,0,0,ロード 金0/銀0/銅0、ITT 金0/銀0/銅0,,,,区分保留,2026 WorldTeam外・現役／引退を断定せず保留,https://en.wikipedia.org/wiki/Special:Search?search=Wout%20Poels%20cyclist
13,Asbjørn Hellemose,,,,デンマーク,現代,パンチャー,TT・ルーラー型,74,68,ステージハンター / 山岳賞ハンター / 逃げ屋,,パンチ力 / 自己主張 / 闘争心,5250,70,76,85,64,75,64,63,74,74,53,68,73,61,78,78,,,,,要実績照合,現役300名補充時の脚質暫定値。パリ〜ルーベ／ロンド個人成績の追加照合が必要,https://www.paris-roubaix.fr/en/history,能力・適性・Credit整合済,"公開プロフィールに明確な脚質記載なし。同一テンプレートを廃止し、脚質別基準値＋選手名固定のばらつきで初期能力を分散。主要実績の追加照合が必要。役割人数を300名内順位で制御（TTスペシャリスト20、TT牽引45、平坦アシスト60、横風要員35、逃げ屋50）。役割・戦術特性を単一カテゴリへ統合。エース適性降順、同点はCredit・15能力平均・選手名順でNo.を再採番。エース適性90以上は名称に「アシスト」を含む役割を付与しない。Remco Evenepoel、Wout van Aert、Mathieu van der Poelは超ロングスパート固定。能力値を偏差値型分布（中央値約70）へ再配分。Tadej Pogacarのみ特別枠、各能力85は1〜2名、その他は84以下。能力・適性整合: エース適性は従来評価70%＋主脚質能力20%＋負けん気・エゴ10%＋主要実績、アシスト適性は支援能力70%＋従来評価30%で再計算。Creditは適性・主脚質能力・支援力・主要実績・85能力数から算定。能力・適性整合: エース適性は従来評価70%＋主脚質能力20%＋負けん気・エゴ10%＋主要実績、アシスト適性は支援能力70%＋従来評価30%で再計算。Creditは適性・主脚質能力・支援力・主要実績・85能力数・上位帯プレミアムから算定。上位5名はゲーム内基準価格を適用。Credit再計算: 適性・主脚質能力・支援力・主要実績・85能力数・上位帯プレミアムから算定。ポガチャル20,000、ファンデルプール／ビンゲゴー13,000、ワウト／エベネプール12,500を上位基準価格として固定。エース適性42%・主脚質能力28%・アシスト適性12%・総合能力8%・主要実績6%・知名度4%の合成順位を価格曲線へ変換し、上位5名は指定基準価格を適用。Credit全選手再査定: 現役・引退・区分保留の全選手を同一母集団で標準化。エース適性50%・主脚質能力20%・アシスト適性8%・総合能力5%・主要実績12%・知名度5%の合成順位を価格曲線へ変換し、上位5名は指定基準価格を適用",https://en.wikipedia.org/wiki/Asbj%C3%B8rn_Hellemose,,,,,,,,,Team Jayco–AlUla,1999-01-15,区分保留,現役300名枠の脚質別入替（現役状態は維持）,https://en.wikipedia.org/wiki/List_of_2026_UCI_WorldTeams_and_riders
14,Alexy Faure Prost,,,,フランス,現代,クラシック型,TT・ルーラー型,69,72,石畳護衛 / 横風要員 / ステージハンター,,技術力 / バイクコントロール / 加速力,3700,68,72,71,71,63,70,69,75,75,66,62,71,68,72,72,,,,,要実績照合,現役300名補充時の脚質暫定値。パリ〜ルーベ／ロンド個人成績の追加照合が必要,https://www.paris-roubaix.fr/en/history,能力・適性・Credit整合済,"公開プロフィールに明確な脚質記載なし。同一テンプレートを廃止し、脚質別基準値＋選手名固定のばらつきで初期能力を分散。主要実績の追加照合が必要。役割人数を300名内順位で制御（TTスペシャリスト20、TT牽引45、平坦アシスト60、横風要員35、逃げ屋50）。役割・戦術特性を単一カテゴリへ統合。エース適性降順、同点はCredit・15能力平均・選手名順でNo.を再採番。エース適性90以上は名称に「アシスト」を含む役割を付与しない。Remco Evenepoel、Wout van Aert、Mathieu van der Poelは超ロングスパート固定。能力値を偏差値型分布（中央値約70）へ再配分。Tadej Pogacarのみ特別枠、各能力85は1〜2名、その他は84以下。能力・適性整合: エース適性は従来評価70%＋主脚質能力20%＋負けん気・エゴ10%＋主要実績、アシスト適性は支援能力70%＋従来評価30%で再計算。Creditは適性・主脚質能力・支援力・主要実績・85能力数から算定。能力・適性整合: エース適性は従来評価70%＋主脚質能力20%＋負けん気・エゴ10%＋主要実績、アシスト適性は支援能力70%＋従来評価30%で再計算。Creditは適性・主脚質能力・支援力・主要実績・85能力数・上位帯プレミアムから算定。上位5名はゲーム内基準価格を適用。Credit再計算: 適性・主脚質能力・支援力・主要実績・85能力数・上位帯プレミアムから算定。ポガチャル20,000、ファンデルプール／ビンゲゴー13,000、ワウト／エベネプール12,500を上位基準価格として固定。エース適性42%・主脚質能力28%・アシスト適性12%・総合能力8%・主要実績6%・知名度4%の合成順位を価格曲線へ変換し、上位5名は指定基準価格を適用。Credit全選手再査定: 現役・引退・区分保留の全選手を同一母集団で標準化。エース適性50%・主脚質能力20%・アシスト適性8%・総合能力5%・主要実績12%・知名度5%の合成順位を価格曲線へ変換し、上位5名は指定基準価格を適用",https://en.wikipedia.org/wiki/Alexy_Faure_Prost,,,,,,,,,Team Picnic–PostNL,2004-04-22,区分保留,現役300名枠の脚質別入替（現役状態は維持）,https://en.wikipedia.org/wiki/List_of_2026_UCI_WorldTeams_and_riders
15,Michael Matthews,,対象外,,オーストラリア,現代,TT・ルーラー型,総合型,66,83,ロードキャプテン / 平坦アシスト / 平坦ペースメーカー,,連携力 / 巡航力 / 耐久力,6200,65,67,69,79,72,75,76,75,70,50,72,71,85,67,69,,0,0,0,要出走確認,1960〜2026完走順位との一致なし。未出走または表記差を要確認,https://bikeraceinfo.com/classics/paris-roubaix/paris-roubaix-index.html,能力・適性・Credit整合済,"世界選手権ロード・個人TT表彰台実績を補正後、能力別順位上限を適用（85は各能力最大2名・1選手最大2項目）。パヴェはパリ〜ルーベ主基準・ロンド優勝を加点＋最低保証。役割・戦術特性を単一カテゴリへ統合。エース適性降順、同点はCredit・15能力平均・選手名順でNo.を再採番。役割人数を300名内順位で制御（TTスペシャリスト20、TT牽引45、平坦アシスト60、横風要員35、逃げ屋50）。エース適性90以上は名称に「アシスト」を含む役割を付与しない。Remco Evenepoel、Wout van Aert、Mathieu van der Poelは超ロングスパート固定。能力値を偏差値型分布（中央値約70）へ再配分。Tadej Pogacarのみ特別枠、各能力85は1〜2名、その他は84以下。能力・適性整合: エース適性は従来評価70%＋主脚質能力20%＋負けん気・エゴ10%＋主要実績、アシスト適性は支援能力70%＋従来評価30%で再計算。Creditは適性・主脚質能力・支援力・主要実績・85能力数から算定。能力・適性整合: エース適性は従来評価70%＋主脚質能力20%＋負けん気・エゴ10%＋主要実績、アシスト適性は支援能力70%＋従来評価30%で再計算。Creditは適性・主脚質能力・支援力・主要実績・85能力数・上位帯プレミアムから算定。上位5名はゲーム内基準価格を適用。Credit再計算: 適性・主脚質能力・支援力・主要実績・85能力数・上位帯プレミアムから算定。ポガチャル20,000、ファンデルプール／ビンゲゴー13,000、ワウト／エベネプール12,500を上位基準価格として固定。エース適性42%・主脚質能力28%・アシスト適性12%・総合能力8%・主要実績6%・知名度4%の合成順位を価格曲線へ変換し、上位5名は指定基準価格を適用。Credit全選手再査定: 現役・引退・区分保留の全選手を同一母集団で標準化。エース適性50%・主脚質能力20%・アシスト適性8%・総合能力5%・主要実績12%・知名度5%の合成順位を価格曲線へ変換し、上位5名は指定基準価格を適用",https://en.wikipedia.org/wiki/Special:Search?search=Michael%20Matthews%20cyclist,0,1,2,0,0,0,ロード 金0/銀1/銅2、ITT 金0/銀0/銅0,https://www.uci.org/discipline/road/6TBjsDD8902tud440iv1Cu?discipline=ROA&tab=results,,,区分保留,2026 WorldTeam外・現役／引退を断定せず保留,https://en.wikipedia.org/wiki/Special:Search?search=Michael%20Matthews%20cyclist
16,Rafal Majka,,対象外,,ポーランド,現代,クライマー,総合型,66,75,山岳賞ハンター / 山岳アシスト / 山岳ペースメーカー,,登坂力 / 回復力 / 日別回復,3900,56,69,71,62,76,74,70,62,64,50,76,76,67,70,72,,0,0,0,要出走確認,1960〜2026完走順位との一致なし。未出走または表記差を要確認,https://bikeraceinfo.com/classics/paris-roubaix/paris-roubaix-index.html,能力・適性・Credit整合済,"世界選手権ロード・個人TT表彰台実績を補正後、能力別順位上限を適用（85は各能力最大2名・1選手最大2項目）。パヴェはパリ〜ルーベ主基準・ロンド優勝を加点＋最低保証。役割・戦術特性を単一カテゴリへ統合。エース適性降順、同点はCredit・15能力平均・選手名順でNo.を再採番。役割人数を300名内順位で制御（TTスペシャリスト20、TT牽引45、平坦アシスト60、横風要員35、逃げ屋50）。エース適性90以上は名称に「アシスト」を含む役割を付与しない。Remco Evenepoel、Wout van Aert、Mathieu van der Poelは超ロングスパート固定。能力値を偏差値型分布（中央値約70）へ再配分。Tadej Pogacarのみ特別枠、各能力85は1〜2名、その他は84以下。能力・適性整合: エース適性は従来評価70%＋主脚質能力20%＋負けん気・エゴ10%＋主要実績、アシスト適性は支援能力70%＋従来評価30%で再計算。Creditは適性・主脚質能力・支援力・主要実績・85能力数から算定。能力・適性整合: エース適性は従来評価70%＋主脚質能力20%＋負けん気・エゴ10%＋主要実績、アシスト適性は支援能力70%＋従来評価30%で再計算。Creditは適性・主脚質能力・支援力・主要実績・85能力数・上位帯プレミアムから算定。上位5名はゲーム内基準価格を適用。Credit再計算: 適性・主脚質能力・支援力・主要実績・85能力数・上位帯プレミアムから算定。ポガチャル20,000、ファンデルプール／ビンゲゴー13,000、ワウト／エベネプール12,500を上位基準価格として固定。エース適性42%・主脚質能力28%・アシスト適性12%・総合能力8%・主要実績6%・知名度4%の合成順位を価格曲線へ変換し、上位5名は指定基準価格を適用。Credit全選手再査定: 現役・引退・区分保留の全選手を同一母集団で標準化。エース適性50%・主脚質能力20%・アシスト適性8%・総合能力5%・主要実績12%・知名度5%の合成順位を価格曲線へ変換し、上位5名は指定基準価格を適用",https://en.wikipedia.org/wiki/Special:Search?search=Rafal%20Majka%20cyclist,0,0,0,0,0,0,ロード 金0/銀0/銅0、ITT 金0/銀0/銅0,,,,区分保留,2026 WorldTeam外・現役／引退を断定せず保留,https://en.wikipedia.org/wiki/Special:Search?search=Rafal%20Majka%20cyclist
17,Aime De Gendt,,対象外,,ベルギー,現代,クラシック型,パンチャー,66,76,ロードキャプテン / 石畳護衛 / 横風要員,,バイクコントロール / パンチ力 / 闘争心,3800,74,74,76,70,67,66,72,73,77,69,69,67,69,71,76,29,1,0,0,結果照合済,最高29位 / 完走1回 / Top10 0回 / 優勝0回,https://bikeraceinfo.com/classics/paris-roubaix/pr2026.html,能力・適性・Credit整合済,"世界選手権ロード・個人TT表彰台実績を補正後、能力別順位上限を適用（85は各能力最大2名・1選手最大2項目）。パヴェはパリ〜ルーベ主基準・ロンド優勝を加点＋最低保証。役割・戦術特性を単一カテゴリへ統合。エース適性降順、同点はCredit・15能力平均・選手名順でNo.を再採番。役割人数を300名内順位で制御（TTスペシャリスト20、TT牽引45、平坦アシスト60、横風要員35、逃げ屋50）。エース適性90以上は名称に「アシスト」を含む役割を付与しない。Remco Evenepoel、Wout van Aert、Mathieu van der Poelは超ロングスパート固定。能力値を偏差値型分布（中央値約70）へ再配分。Tadej Pogacarのみ特別枠、各能力85は1〜2名、その他は84以下。能力・適性整合: エース適性は従来評価70%＋主脚質能力20%＋負けん気・エゴ10%＋主要実績、アシスト適性は支援能力70%＋従来評価30%で再計算。Creditは適性・主脚質能力・支援力・主要実績・85能力数から算定。能力・適性整合: エース適性は従来評価70%＋主脚質能力20%＋負けん気・エゴ10%＋主要実績、アシスト適性は支援能力70%＋従来評価30%で再計算。Creditは適性・主脚質能力・支援力・主要実績・85能力数・上位帯プレミアムから算定。上位5名はゲーム内基準価格を適用。Credit再計算: 適性・主脚質能力・支援力・主要実績・85能力数・上位帯プレミアムから算定。ポガチャル20,000、ファンデルプール／ビンゲゴー13,000、ワウト／エベネプール12,500を上位基準価格として固定。エース適性42%・主脚質能力28%・アシスト適性12%・総合能力8%・主要実績6%・知名度4%の合成順位を価格曲線へ変換し、上位5名は指定基準価格を適用。Credit全選手再査定: 現役・引退・区分保留の全選手を同一母集団で標準化。エース適性50%・主脚質能力20%・アシスト適性8%・総合能力5%・主要実績12%・知名度5%の合成順位を価格曲線へ変換し、上位5名は指定基準価格を適用",https://en.wikipedia.org/wiki/Special:Search?search=Aime%20De%20Gendt%20cyclist,0,0,0,0,0,0,ロード 金0/銀0/銅0、ITT 金0/銀0/銅0,,,,区分保留,2026 WorldTeam外・現役／引退を断定せず保留,https://en.wikipedia.org/wiki/Special:Search?search=Aime%20De%20Gendt%20cyclist
18,Ben O'Connor,,対象外,,オーストラリア,現代,クライマー,総合型,65,73,山岳賞ハンター / 山岳アシスト / 山岳番手,,登坂力 / 日別回復 / 回復力,4200,56,68,70,57,76,71,68,61,62,50,75,76,66,69,71,,0,0,0,要出走確認,1960〜2026完走順位との一致なし。未出走または表記差を要確認,https://bikeraceinfo.com/classics/paris-roubaix/paris-roubaix-index.html,能力・適性・Credit整合済,"世界選手権ロード・個人TT表彰台実績を補正後、能力別順位上限を適用（85は各能力最大2名・1選手最大2項目）。パヴェはパリ〜ルーベ主基準・ロンド優勝を加点＋最低保証。役割・戦術特性を単一カテゴリへ統合。エース適性降順、同点はCredit・15能力平均・選手名順でNo.を再採番。役割人数を300名内順位で制御（TTスペシャリスト20、TT牽引45、平坦アシスト60、横風要員35、逃げ屋50）。エース適性90以上は名称に「アシスト」を含む役割を付与しない。Remco Evenepoel、Wout van Aert、Mathieu van der Poelは超ロングスパート固定。能力値を偏差値型分布（中央値約70）へ再配分。Tadej Pogacarのみ特別枠、各能力85は1〜2名、その他は84以下。能力・適性整合: エース適性は従来評価70%＋主脚質能力20%＋負けん気・エゴ10%＋主要実績、アシスト適性は支援能力70%＋従来評価30%で再計算。Creditは適性・主脚質能力・支援力・主要実績・85能力数から算定。能力・適性整合: エース適性は従来評価70%＋主脚質能力20%＋負けん気・エゴ10%＋主要実績、アシスト適性は支援能力70%＋従来評価30%で再計算。Creditは適性・主脚質能力・支援力・主要実績・85能力数・上位帯プレミアムから算定。上位5名はゲーム内基準価格を適用。Credit再計算: 適性・主脚質能力・支援力・主要実績・85能力数・上位帯プレミアムから算定。ポガチャル20,000、ファンデルプール／ビンゲゴー13,000、ワウト／エベネプール12,500を上位基準価格として固定。エース適性42%・主脚質能力28%・アシスト適性12%・総合能力8%・主要実績6%・知名度4%の合成順位を価格曲線へ変換し、上位5名は指定基準価格を適用。Credit全選手再査定: 現役・引退・区分保留の全選手を同一母集団で標準化。エース適性50%・主脚質能力20%・アシスト適性8%・総合能力5%・主要実績12%・知名度5%の合成順位を価格曲線へ変換し、上位5名は指定基準価格を適用",https://en.wikipedia.org/wiki/Special:Search?search=Ben%20O'Connor%20cyclist,0,1,0,0,0,0,ロード 金0/銀1/銅0、ITT 金0/銀0/銅0,https://www.uci.org/discipline/road/6TBjsDD8902tud440iv1Cu?discipline=ROA&tab=results,,,区分保留,2026 WorldTeam外・現役／引退を断定せず保留,https://en.wikipedia.org/wiki/Special:Search?search=Ben%20O'Connor%20cyclist
19,Amund Grondahl Jansen,,対象外,,ノルウェー,現代,クラシック型,パンチャー,65,77,ロードキャプテン / 石畳護衛 / 横風要員,,パンチ力 / バイクコントロール / 闘争心,3200,74,75,78,70,67,66,73,73,78,50,69,69,70,71,76,,0,0,0,要出走確認,1960〜2026完走順位との一致なし。未出走または表記差を要確認,https://bikeraceinfo.com/classics/paris-roubaix/paris-roubaix-index.html,能力・適性・Credit整合済,"世界選手権ロード・個人TT表彰台実績を補正後、能力別順位上限を適用（85は各能力最大2名・1選手最大2項目）。パヴェはパリ〜ルーベ主基準・ロンド優勝を加点＋最低保証。役割・戦術特性を単一カテゴリへ統合。エース適性降順、同点はCredit・15能力平均・選手名順でNo.を再採番。役割人数を300名内順位で制御（TTスペシャリスト20、TT牽引45、平坦アシスト60、横風要員35、逃げ屋50）。エース適性90以上は名称に「アシスト」を含む役割を付与しない。Remco Evenepoel、Wout van Aert、Mathieu van der Poelは超ロングスパート固定。能力値を偏差値型分布（中央値約70）へ再配分。Tadej Pogacarのみ特別枠、各能力85は1〜2名、その他は84以下。能力・適性整合: エース適性は従来評価70%＋主脚質能力20%＋負けん気・エゴ10%＋主要実績、アシスト適性は支援能力70%＋従来評価30%で再計算。Creditは適性・主脚質能力・支援力・主要実績・85能力数から算定。能力・適性整合: エース適性は従来評価70%＋主脚質能力20%＋負けん気・エゴ10%＋主要実績、アシスト適性は支援能力70%＋従来評価30%で再計算。Creditは適性・主脚質能力・支援力・主要実績・85能力数・上位帯プレミアムから算定。上位5名はゲーム内基準価格を適用。Credit再計算: 適性・主脚質能力・支援力・主要実績・85能力数・上位帯プレミアムから算定。ポガチャル20,000、ファンデルプール／ビンゲゴー13,000、ワウト／エベネプール12,500を上位基準価格として固定。エース適性42%・主脚質能力28%・アシスト適性12%・総合能力8%・主要実績6%・知名度4%の合成順位を価格曲線へ変換し、上位5名は指定基準価格を適用。Credit全選手再査定: 現役・引退・区分保留の全選手を同一母集団で標準化。エース適性50%・主脚質能力20%・アシスト適性8%・総合能力5%・主要実績12%・知名度5%の合成順位を価格曲線へ変換し、上位5名は指定基準価格を適用",https://en.wikipedia.org/wiki/Special:Search?search=Amund%20Grondahl%20Jansen%20cyclist,0,0,0,0,0,0,ロード 金0/銀0/銅0、ITT 金0/銀0/銅0,,,,区分保留,2026 WorldTeam外・現役／引退を断定せず保留,https://en.wikipedia.org/wiki/Special:Search?search=Amund%20Grondahl%20Jansen%20cyclist
20,Stefan Kung,,対象外,,スイス,現代,TT・ルーラー型,クラシック型,64,79,TTスペシャリスト / 平坦アシスト / ブレイクアウェイキラー,,巡航力 / 技術力 / 連携力,4900,68,67,66,77,68,73,71,76,70,73,66,66,76,67,68,11,2,0,0,結果照合済,最高11位 / 完走2回 / Top10 0回 / 優勝0回,https://bikeraceinfo.com/classics/paris-roubaix/pr2019.html,能力・適性・Credit整合済,"世界選手権ロード・個人TT表彰台実績を補正後、能力別順位上限を適用（85は各能力最大2名・1選手最大2項目）。パヴェはパリ〜ルーベ主基準・ロンド優勝を加点＋最低保証。役割・戦術特性を単一カテゴリへ統合。エース適性降順、同点はCredit・15能力平均・選手名順でNo.を再採番。役割人数を300名内順位で制御（TTスペシャリスト20、TT牽引45、平坦アシスト60、横風要員35、逃げ屋50）。エース適性90以上は名称に「アシスト」を含む役割を付与しない。Remco Evenepoel、Wout van Aert、Mathieu van der Poelは超ロングスパート固定。能力値を偏差値型分布（中央値約70）へ再配分。Tadej Pogacarのみ特別枠、各能力85は1〜2名、その他は84以下。能力・適性整合: エース適性は従来評価70%＋主脚質能力20%＋負けん気・エゴ10%＋主要実績、アシスト適性は支援能力70%＋従来評価30%で再計算。Creditは適性・主脚質能力・支援力・主要実績・85能力数から算定。能力・適性整合: エース適性は従来評価70%＋主脚質能力20%＋負けん気・エゴ10%＋主要実績、アシスト適性は支援能力70%＋従来評価30%で再計算。Creditは適性・主脚質能力・支援力・主要実績・85能力数・上位帯プレミアムから算定。上位5名はゲーム内基準価格を適用。Credit再計算: 適性・主脚質能力・支援力・主要実績・85能力数・上位帯プレミアムから算定。ポガチャル20,000、ファンデルプール／ビンゲゴー13,000、ワウト／エベネプール12,500を上位基準価格として固定。エース適性42%・主脚質能力28%・アシスト適性12%・総合能力8%・主要実績6%・知名度4%の合成順位を価格曲線へ変換し、上位5名は指定基準価格を適用。Credit全選手再査定: 現役・引退・区分保留の全選手を同一母集団で標準化。エース適性50%・主脚質能力20%・アシスト適性8%・総合能力5%・主要実績12%・知名度5%の合成順位を価格曲線へ変換し、上位5名は指定基準価格を適用",https://en.wikipedia.org/wiki/Special:Search?search=Stefan%20Kung%20cyclist,0,0,1,0,1,1,ロード 金0/銀0/銅1、ITT 金0/銀1/銅1,https://www.uci.org/discipline/road/6TBjsDD8902tud440iv1Cu?discipline=ROA&tab=results,,,区分保留,2026 WorldTeam外・現役／引退を断定せず保留,https://en.wikipedia.org/wiki/Special:Search?search=Stefan%20Kung%20cyclist
21,Marco Haller,,対象外,,オーストリア,現代,クラシック型,パンチャー,64,78,ロードキャプテン / 石畳護衛 / 下り牽引,,パンチ力 / バイクコントロール / 闘争心,4100,74,75,79,70,67,69,74,74,79,73,70,69,71,71,77,16,3,0,0,結果照合済,最高16位 / 完走3回 / Top10 0回 / 優勝0回,https://bikeraceinfo.com/classics/paris-roubaix/pr2019.html,能力・適性・Credit整合済,"世界選手権ロード・個人TT表彰台実績を補正後、能力別順位上限を適用（85は各能力最大2名・1選手最大2項目）。パヴェはパリ〜ルーベ主基準・ロンド優勝を加点＋最低保証。役割・戦術特性を単一カテゴリへ統合。エース適性降順、同点はCredit・15能力平均・選手名順でNo.を再採番。役割人数を300名内順位で制御（TTスペシャリスト20、TT牽引45、平坦アシスト60、横風要員35、逃げ屋50）。エース適性90以上は名称に「アシスト」を含む役割を付与しない。Remco Evenepoel、Wout van Aert、Mathieu van der Poelは超ロングスパート固定。能力値を偏差値型分布（中央値約70）へ再配分。Tadej Pogacarのみ特別枠、各能力85は1〜2名、その他は84以下。能力・適性整合: エース適性は従来評価70%＋主脚質能力20%＋負けん気・エゴ10%＋主要実績、アシスト適性は支援能力70%＋従来評価30%で再計算。Creditは適性・主脚質能力・支援力・主要実績・85能力数から算定。能力・適性整合: エース適性は従来評価70%＋主脚質能力20%＋負けん気・エゴ10%＋主要実績、アシスト適性は支援能力70%＋従来評価30%で再計算。Creditは適性・主脚質能力・支援力・主要実績・85能力数・上位帯プレミアムから算定。上位5名はゲーム内基準価格を適用。Credit再計算: 適性・主脚質能力・支援力・主要実績・85能力数・上位帯プレミアムから算定。ポガチャル20,000、ファンデルプール／ビンゲゴー13,000、ワウト／エベネプール12,500を上位基準価格として固定。エース適性42%・主脚質能力28%・アシスト適性12%・総合能力8%・主要実績6%・知名度4%の合成順位を価格曲線へ変換し、上位5名は指定基準価格を適用。Credit全選手再査定: 現役・引退・区分保留の全選手を同一母集団で標準化。エース適性50%・主脚質能力20%・アシスト適性8%・総合能力5%・主要実績12%・知名度5%の合成順位を価格曲線へ変換し、上位5名は指定基準価格を適用",https://en.wikipedia.org/wiki/Special:Search?search=Marco%20Haller%20cyclist,0,0,0,0,0,0,ロード 金0/銀0/銅0、ITT 金0/銀0/銅0,,,,区分保留,2026 WorldTeam外・現役／引退を断定せず保留,https://en.wikipedia.org/wiki/Special:Search?search=Marco%20Haller%20cyclist
22,Sep Vanmarcke,,対象外,,ベルギー,現代,クラシック型,パンチャー,64,77,ロードキャプテン / 石畳護衛 / 横風要員,,パヴェ適性 / パンチ力 / バイクコントロール,3800,74,74,76,69,67,65,72,72,76,80,68,68,70,70,75,4,4,3,0,結果照合済,最高4位 / 完走4回 / Top10 3回 / 優勝0回,https://bikeraceinfo.com/classics/paris-roubaix/pr2014.html,能力・適性・Credit整合済,"世界選手権ロード・個人TT表彰台実績を補正後、能力別順位上限を適用（85は各能力最大2名・1選手最大2項目）。パヴェはパリ〜ルーベ主基準・ロンド優勝を加点＋最低保証。役割・戦術特性を単一カテゴリへ統合。エース適性降順、同点はCredit・15能力平均・選手名順でNo.を再採番。役割人数を300名内順位で制御（TTスペシャリスト20、TT牽引45、平坦アシスト60、横風要員35、逃げ屋50）。エース適性90以上は名称に「アシスト」を含む役割を付与しない。Remco Evenepoel、Wout van Aert、Mathieu van der Poelは超ロングスパート固定。能力値を偏差値型分布（中央値約70）へ再配分。Tadej Pogacarのみ特別枠、各能力85は1〜2名、その他は84以下。能力・適性整合: エース適性は従来評価70%＋主脚質能力20%＋負けん気・エゴ10%＋主要実績、アシスト適性は支援能力70%＋従来評価30%で再計算。Creditは適性・主脚質能力・支援力・主要実績・85能力数から算定。能力・適性整合: エース適性は従来評価70%＋主脚質能力20%＋負けん気・エゴ10%＋主要実績、アシスト適性は支援能力70%＋従来評価30%で再計算。Creditは適性・主脚質能力・支援力・主要実績・85能力数・上位帯プレミアムから算定。上位5名はゲーム内基準価格を適用。Credit再計算: 適性・主脚質能力・支援力・主要実績・85能力数・上位帯プレミアムから算定。ポガチャル20,000、ファンデルプール／ビンゲゴー13,000、ワウト／エベネプール12,500を上位基準価格として固定。エース適性42%・主脚質能力28%・アシスト適性12%・総合能力8%・主要実績6%・知名度4%の合成順位を価格曲線へ変換し、上位5名は指定基準価格を適用。Credit全選手再査定: 現役・引退・区分保留の全選手を同一母集団で標準化。エース適性50%・主脚質能力20%・アシスト適性8%・総合能力5%・主要実績12%・知名度5%の合成順位を価格曲線へ変換し、上位5名は指定基準価格を適用",https://en.wikipedia.org/wiki/Special:Search?search=Sep%20Vanmarcke%20cyclist,0,0,0,0,0,0,ロード 金0/銀0/銅0、ITT 金0/銀0/銅0,,,,区分保留,2026 WorldTeam外・現役／引退を断定せず保留,https://en.wikipedia.org/wiki/Special:Search?search=Sep%20Vanmarcke%20cyclist
23,Jonathan Castroviejo,,対象外,,スペイン,現代,TT・ルーラー型,総合型,64,77,ロードキャプテン / TTスペシャリスト / 集団コントローラー,,巡航力 / 登坂力 / スタミナ,3750,64,62,67,76,72,72,69,72,67,50,70,69,71,65,65,,0,0,0,要出走確認,1960〜2026完走順位との一致なし。未出走または表記差を要確認,https://bikeraceinfo.com/classics/paris-roubaix/paris-roubaix-index.html,能力・適性・Credit整合済,"世界選手権ロード・個人TT表彰台実績を補正後、能力別順位上限を適用（85は各能力最大2名・1選手最大2項目）。パヴェはパリ〜ルーベ主基準・ロンド優勝を加点＋最低保証。役割・戦術特性を単一カテゴリへ統合。エース適性降順、同点はCredit・15能力平均・選手名順でNo.を再採番。役割人数を300名内順位で制御（TTスペシャリスト20、TT牽引45、平坦アシスト60、横風要員35、逃げ屋50）。エース適性90以上は名称に「アシスト」を含む役割を付与しない。Remco Evenepoel、Wout van Aert、Mathieu van der Poelは超ロングスパート固定。能力値を偏差値型分布（中央値約70）へ再配分。Tadej Pogacarのみ特別枠、各能力85は1〜2名、その他は84以下。能力・適性整合: エース適性は従来評価70%＋主脚質能力20%＋負けん気・エゴ10%＋主要実績、アシスト適性は支援能力70%＋従来評価30%で再計算。Creditは適性・主脚質能力・支援力・主要実績・85能力数から算定。能力・適性整合: エース適性は従来評価70%＋主脚質能力20%＋負けん気・エゴ10%＋主要実績、アシスト適性は支援能力70%＋従来評価30%で再計算。Creditは適性・主脚質能力・支援力・主要実績・85能力数・上位帯プレミアムから算定。上位5名はゲーム内基準価格を適用。Credit再計算: 適性・主脚質能力・支援力・主要実績・85能力数・上位帯プレミアムから算定。ポガチャル20,000、ファンデルプール／ビンゲゴー13,000、ワウト／エベネプール12,500を上位基準価格として固定。エース適性42%・主脚質能力28%・アシスト適性12%・総合能力8%・主要実績6%・知名度4%の合成順位を価格曲線へ変換し、上位5名は指定基準価格を適用。Credit全選手再査定: 現役・引退・区分保留の全選手を同一母集団で標準化。エース適性50%・主脚質能力20%・アシスト適性8%・総合能力5%・主要実績12%・知名度5%の合成順位を価格曲線へ変換し、上位5名は指定基準価格を適用",https://en.wikipedia.org/wiki/Special:Search?search=Jonathan%20Castroviejo%20cyclist,0,0,0,0,0,1,ロード 金0/銀0/銅0、ITT 金0/銀0/銅1,https://www.uci.org/discipline/road/6TBjsDD8902tud440iv1Cu?discipline=ROA&tab=results,,,区分保留,2026 WorldTeam外・現役／引退を断定せず保留,https://en.wikipedia.org/wiki/Special:Search?search=Jonathan%20Castroviejo%20cyclist
24,Boy van Poppel,,対象外,,オランダ,現代,スプリンター,TT・ルーラー型,63,73,リードアウト / 最終発射台 / スプリントトレイン,,最高速 / 加速力 / 自己主張,3250,80,79,68,67,58,62,62,65,69,69,63,62,64,74,63,48,3,0,0,結果照合済,最高48位 / 完走3回 / Top10 0回 / 優勝0回,https://bikeraceinfo.com/classics/paris-roubaix/pr2018.html,能力・適性・Credit整合済,"世界選手権ロード・個人TT表彰台実績を補正後、能力別順位上限を適用（85は各能力最大2名・1選手最大2項目）。パヴェはパリ〜ルーベ主基準・ロンド優勝を加点＋最低保証。役割・戦術特性を単一カテゴリへ統合。エース適性降順、同点はCredit・15能力平均・選手名順でNo.を再採番。役割人数を300名内順位で制御（TTスペシャリスト20、TT牽引45、平坦アシスト60、横風要員35、逃げ屋50）。エース適性90以上は名称に「アシスト」を含む役割を付与しない。Remco Evenepoel、Wout van Aert、Mathieu van der Poelは超ロングスパート固定。能力値を偏差値型分布（中央値約70）へ再配分。Tadej Pogacarのみ特別枠、各能力85は1〜2名、その他は84以下。能力・適性整合: エース適性は従来評価70%＋主脚質能力20%＋負けん気・エゴ10%＋主要実績、アシスト適性は支援能力70%＋従来評価30%で再計算。Creditは適性・主脚質能力・支援力・主要実績・85能力数から算定。能力・適性整合: エース適性は従来評価70%＋主脚質能力20%＋負けん気・エゴ10%＋主要実績、アシスト適性は支援能力70%＋従来評価30%で再計算。Creditは適性・主脚質能力・支援力・主要実績・85能力数・上位帯プレミアムから算定。上位5名はゲーム内基準価格を適用。Credit再計算: 適性・主脚質能力・支援力・主要実績・85能力数・上位帯プレミアムから算定。ポガチャル20,000、ファンデルプール／ビンゲゴー13,000、ワウト／エベネプール12,500を上位基準価格として固定。エース適性42%・主脚質能力28%・アシスト適性12%・総合能力8%・主要実績6%・知名度4%の合成順位を価格曲線へ変換し、上位5名は指定基準価格を適用。Credit全選手再査定: 現役・引退・区分保留の全選手を同一母集団で標準化。エース適性50%・主脚質能力20%・アシスト適性8%・総合能力5%・主要実績12%・知名度5%の合成順位を価格曲線へ変換し、上位5名は指定基準価格を適用",https://en.wikipedia.org/wiki/Special:Search?search=Boy%20van%20Poppel%20cyclist,0,0,0,0,0,0,ロード 金0/銀0/銅0、ITT 金0/銀0/銅0,,,,区分保留,2026 WorldTeam外・現役／引退を断定せず保留,https://en.wikipedia.org/wiki/Special:Search?search=Boy%20van%20Poppel%20cyclist
25,Lawson Craddock,,対象外,,アメリカ,現代,TT・ルーラー型,総合型,63,77,ロードキャプテン / 平坦ペースメーカー / 集団コントローラー,,巡航力 / 登坂力 / 連携力,3200,64,63,67,74,72,71,68,70,65,50,70,70,72,67,67,,0,0,0,要出走確認,1960〜2026完走順位との一致なし。未出走または表記差を要確認,https://bikeraceinfo.com/classics/paris-roubaix/paris-roubaix-index.html,能力・適性・Credit整合済,"世界選手権ロード・個人TT表彰台実績を補正後、能力別順位上限を適用（85は各能力最大2名・1選手最大2項目）。パヴェはパリ〜ルーベ主基準・ロンド優勝を加点＋最低保証。役割・戦術特性を単一カテゴリへ統合。エース適性降順、同点はCredit・15能力平均・選手名順でNo.を再採番。役割人数を300名内順位で制御（TTスペシャリスト20、TT牽引45、平坦アシスト60、横風要員35、逃げ屋50）。エース適性90以上は名称に「アシスト」を含む役割を付与しない。Remco Evenepoel、Wout van Aert、Mathieu van der Poelは超ロングスパート固定。能力値を偏差値型分布（中央値約70）へ再配分。Tadej Pogacarのみ特別枠、各能力85は1〜2名、その他は84以下。能力・適性整合: エース適性は従来評価70%＋主脚質能力20%＋負けん気・エゴ10%＋主要実績、アシスト適性は支援能力70%＋従来評価30%で再計算。Creditは適性・主脚質能力・支援力・主要実績・85能力数から算定。能力・適性整合: エース適性は従来評価70%＋主脚質能力20%＋負けん気・エゴ10%＋主要実績、アシスト適性は支援能力70%＋従来評価30%で再計算。Creditは適性・主脚質能力・支援力・主要実績・85能力数・上位帯プレミアムから算定。上位5名はゲーム内基準価格を適用。Credit再計算: 適性・主脚質能力・支援力・主要実績・85能力数・上位帯プレミアムから算定。ポガチャル20,000、ファンデルプール／ビンゲゴー13,000、ワウト／エベネプール12,500を上位基準価格として固定。エース適性42%・主脚質能力28%・アシスト適性12%・総合能力8%・主要実績6%・知名度4%の合成順位を価格曲線へ変換し、上位5名は指定基準価格を適用。Credit全選手再査定: 現役・引退・区分保留の全選手を同一母集団で標準化。エース適性50%・主脚質能力20%・アシスト適性8%・総合能力5%・主要実績12%・知名度5%の合成順位を価格曲線へ変換し、上位5名は指定基準価格を適用",https://en.wikipedia.org/wiki/Special:Search?search=Lawson%20Craddock%20cyclist,0,0,0,0,0,0,ロード 金0/銀0/銅0、ITT 金0/銀0/銅0,,,,区分保留,2026 WorldTeam外・現役／引退を断定せず保留,https://en.wikipedia.org/wiki/Special:Search?search=Lawson%20Craddock%20cyclist
26,Winner Anacona,,対象外,,コロンビア,現代,クライマー,総合型,63,74,山岳賞ハンター / 山岳アシスト / 山岳ペースメーカー,,登坂力 / 回復力 / 日別回復,3200,56,68,70,61,75,69,65,57,61,50,75,75,66,69,70,,0,0,0,要出走確認,1960〜2026完走順位との一致なし。未出走または表記差を要確認,https://bikeraceinfo.com/classics/paris-roubaix/paris-roubaix-index.html,能力・適性・Credit整合済,"世界選手権ロード・個人TT表彰台実績を補正後、能力別順位上限を適用（85は各能力最大2名・1選手最大2項目）。パヴェはパリ〜ルーベ主基準・ロンド優勝を加点＋最低保証。役割・戦術特性を単一カテゴリへ統合。エース適性降順、同点はCredit・15能力平均・選手名順でNo.を再採番。役割人数を300名内順位で制御（TTスペシャリスト20、TT牽引45、平坦アシスト60、横風要員35、逃げ屋50）。エース適性90以上は名称に「アシスト」を含む役割を付与しない。Remco Evenepoel、Wout van Aert、Mathieu van der Poelは超ロングスパート固定。能力値を偏差値型分布（中央値約70）へ再配分。Tadej Pogacarのみ特別枠、各能力85は1〜2名、その他は84以下。能力・適性整合: エース適性は従来評価70%＋主脚質能力20%＋負けん気・エゴ10%＋主要実績、アシスト適性は支援能力70%＋従来評価30%で再計算。Creditは適性・主脚質能力・支援力・主要実績・85能力数から算定。能力・適性整合: エース適性は従来評価70%＋主脚質能力20%＋負けん気・エゴ10%＋主要実績、アシスト適性は支援能力70%＋従来評価30%で再計算。Creditは適性・主脚質能力・支援力・主要実績・85能力数・上位帯プレミアムから算定。上位5名はゲーム内基準価格を適用。Credit再計算: 適性・主脚質能力・支援力・主要実績・85能力数・上位帯プレミアムから算定。ポガチャル20,000、ファンデルプール／ビンゲゴー13,000、ワウト／エベネプール12,500を上位基準価格として固定。エース適性42%・主脚質能力28%・アシスト適性12%・総合能力8%・主要実績6%・知名度4%の合成順位を価格曲線へ変換し、上位5名は指定基準価格を適用。Credit全選手再査定: 現役・引退・区分保留の全選手を同一母集団で標準化。エース適性50%・主脚質能力20%・アシスト適性8%・総合能力5%・主要実績12%・知名度5%の合成順位を価格曲線へ変換し、上位5名は指定基準価格を適用",https://en.wikipedia.org/wiki/Special:Search?search=Winner%20Anacona%20cyclist,0,0,0,0,0,0,ロード 金0/銀0/銅0、ITT 金0/銀0/銅0,,,,区分保留,2026 WorldTeam外・現役／引退を断定せず保留,https://en.wikipedia.org/wiki/Special:Search?search=Winner%20Anacona%20cyclist
27,Jacopo Guarnieri,,対象外,,イタリア,現代,スプリンター,TT・ルーラー型,63,72,リードアウト / 最終発射台 / スプリントトレイン,,最高速 / 加速力 / 自己主張,3050,79,78,67,67,58,61,61,64,65,64,61,61,63,74,61,65,1,0,0,結果照合済,最高65位 / 完走1回 / Top10 0回 / 優勝0回,https://bikeraceinfo.com/classics/paris-roubaix/pr2018.html,能力・適性・Credit整合済,"世界選手権ロード・個人TT表彰台実績を補正後、能力別順位上限を適用（85は各能力最大2名・1選手最大2項目）。パヴェはパリ〜ルーベ主基準・ロンド優勝を加点＋最低保証。役割・戦術特性を単一カテゴリへ統合。エース適性降順、同点はCredit・15能力平均・選手名順でNo.を再採番。役割人数を300名内順位で制御（TTスペシャリスト20、TT牽引45、平坦アシスト60、横風要員35、逃げ屋50）。エース適性90以上は名称に「アシスト」を含む役割を付与しない。Remco Evenepoel、Wout van Aert、Mathieu van der Poelは超ロングスパート固定。能力値を偏差値型分布（中央値約70）へ再配分。Tadej Pogacarのみ特別枠、各能力85は1〜2名、その他は84以下。能力・適性整合: エース適性は従来評価70%＋主脚質能力20%＋負けん気・エゴ10%＋主要実績、アシスト適性は支援能力70%＋従来評価30%で再計算。Creditは適性・主脚質能力・支援力・主要実績・85能力数から算定。能力・適性整合: エース適性は従来評価70%＋主脚質能力20%＋負けん気・エゴ10%＋主要実績、アシスト適性は支援能力70%＋従来評価30%で再計算。Creditは適性・主脚質能力・支援力・主要実績・85能力数・上位帯プレミアムから算定。上位5名はゲーム内基準価格を適用。Credit再計算: 適性・主脚質能力・支援力・主要実績・85能力数・上位帯プレミアムから算定。ポガチャル20,000、ファンデルプール／ビンゲゴー13,000、ワウト／エベネプール12,500を上位基準価格として固定。エース適性42%・主脚質能力28%・アシスト適性12%・総合能力8%・主要実績6%・知名度4%の合成順位を価格曲線へ変換し、上位5名は指定基準価格を適用。Credit全選手再査定: 現役・引退・区分保留の全選手を同一母集団で標準化。エース適性50%・主脚質能力20%・アシスト適性8%・総合能力5%・主要実績12%・知名度5%の合成順位を価格曲線へ変換し、上位5名は指定基準価格を適用",https://en.wikipedia.org/wiki/Special:Search?search=Jacopo%20Guarnieri%20cyclist,0,0,0,0,0,0,ロード 金0/銀0/銅0、ITT 金0/銀0/銅0,,,,区分保留,2026 WorldTeam外・現役／引退を断定せず保留,https://en.wikipedia.org/wiki/Special:Search?search=Jacopo%20Guarnieri%20cyclist
28,Cameron Wurf,,対象外,,オーストラリア,現代,TT・ルーラー型,総合型,62,78,ロードキャプテン / 平坦ペースメーカー / 集団コントローラー,,巡航力 / 連携力 / 登坂力,3250,64,64,68,74,72,72,69,71,66,50,71,70,74,67,66,,0,0,0,要出走確認,1960〜2026完走順位との一致なし。未出走または表記差を要確認,https://bikeraceinfo.com/classics/paris-roubaix/paris-roubaix-index.html,能力・適性・Credit整合済,"世界選手権ロード・個人TT表彰台実績を補正後、能力別順位上限を適用（85は各能力最大2名・1選手最大2項目）。パヴェはパリ〜ルーベ主基準・ロンド優勝を加点＋最低保証。役割・戦術特性を単一カテゴリへ統合。エース適性降順、同点はCredit・15能力平均・選手名順でNo.を再採番。役割人数を300名内順位で制御（TTスペシャリスト20、TT牽引45、平坦アシスト60、横風要員35、逃げ屋50）。エース適性90以上は名称に「アシスト」を含む役割を付与しない。Remco Evenepoel、Wout van Aert、Mathieu van der Poelは超ロングスパート固定。能力値を偏差値型分布（中央値約70）へ再配分。Tadej Pogacarのみ特別枠、各能力85は1〜2名、その他は84以下。能力・適性整合: エース適性は従来評価70%＋主脚質能力20%＋負けん気・エゴ10%＋主要実績、アシスト適性は支援能力70%＋従来評価30%で再計算。Creditは適性・主脚質能力・支援力・主要実績・85能力数から算定。能力・適性整合: エース適性は従来評価70%＋主脚質能力20%＋負けん気・エゴ10%＋主要実績、アシスト適性は支援能力70%＋従来評価30%で再計算。Creditは適性・主脚質能力・支援力・主要実績・85能力数・上位帯プレミアムから算定。上位5名はゲーム内基準価格を適用。Credit再計算: 適性・主脚質能力・支援力・主要実績・85能力数・上位帯プレミアムから算定。ポガチャル20,000、ファンデルプール／ビンゲゴー13,000、ワウト／エベネプール12,500を上位基準価格として固定。エース適性42%・主脚質能力28%・アシスト適性12%・総合能力8%・主要実績6%・知名度4%の合成順位を価格曲線へ変換し、上位5名は指定基準価格を適用。Credit全選手再査定: 現役・引退・区分保留の全選手を同一母集団で標準化。エース適性50%・主脚質能力20%・アシスト適性8%・総合能力5%・主要実績12%・知名度5%の合成順位を価格曲線へ変換し、上位5名は指定基準価格を適用",https://en.wikipedia.org/wiki/Special:Search?search=Cameron%20Wurf%20cyclist,0,0,0,0,0,0,ロード 金0/銀0/銅0、ITT 金0/銀0/銅0,,,,区分保留,2026 WorldTeam外・現役／引退を断定せず保留,https://en.wikipedia.org/wiki/Special:Search?search=Cameron%20Wurf%20cyclist
29,Frederik Frison,,対象外,,ベルギー,現代,クラシック型,パンチャー,62,76,ロードキャプテン / 石畳護衛 / 横風要員,,パンチ力 / バイクコントロール / 最高速,3150,74,73,75,68,66,65,70,72,75,69,67,65,70,70,73,37,2,0,0,結果照合済,最高37位 / 完走2回 / Top10 0回 / 優勝0回,https://bikeraceinfo.com/classics/paris-roubaix/pr2018.html,能力・適性・Credit整合済,"世界選手権ロード・個人TT表彰台実績を補正後、能力別順位上限を適用（85は各能力最大2名・1選手最大2項目）。パヴェはパリ〜ルーベ主基準・ロンド優勝を加点＋最低保証。役割・戦術特性を単一カテゴリへ統合。エース適性降順、同点はCredit・15能力平均・選手名順でNo.を再採番。役割人数を300名内順位で制御（TTスペシャリスト20、TT牽引45、平坦アシスト60、横風要員35、逃げ屋50）。エース適性90以上は名称に「アシスト」を含む役割を付与しない。Remco Evenepoel、Wout van Aert、Mathieu van der Poelは超ロングスパート固定。能力値を偏差値型分布（中央値約70）へ再配分。Tadej Pogacarのみ特別枠、各能力85は1〜2名、その他は84以下。能力・適性整合: エース適性は従来評価70%＋主脚質能力20%＋負けん気・エゴ10%＋主要実績、アシスト適性は支援能力70%＋従来評価30%で再計算。Creditは適性・主脚質能力・支援力・主要実績・85能力数から算定。能力・適性整合: エース適性は従来評価70%＋主脚質能力20%＋負けん気・エゴ10%＋主要実績、アシスト適性は支援能力70%＋従来評価30%で再計算。Creditは適性・主脚質能力・支援力・主要実績・85能力数・上位帯プレミアムから算定。上位5名はゲーム内基準価格を適用。Credit再計算: 適性・主脚質能力・支援力・主要実績・85能力数・上位帯プレミアムから算定。ポガチャル20,000、ファンデルプール／ビンゲゴー13,000、ワウト／エベネプール12,500を上位基準価格として固定。エース適性42%・主脚質能力28%・アシスト適性12%・総合能力8%・主要実績6%・知名度4%の合成順位を価格曲線へ変換し、上位5名は指定基準価格を適用。Credit全選手再査定: 現役・引退・区分保留の全選手を同一母集団で標準化。エース適性50%・主脚質能力20%・アシスト適性8%・総合能力5%・主要実績12%・知名度5%の合成順位を価格曲線へ変換し、上位5名は指定基準価格を適用",https://en.wikipedia.org/wiki/Special:Search?search=Frederik%20Frison%20cyclist,0,0,0,0,0,0,ロード 金0/銀0/銅0、ITT 金0/銀0/銅0,,,,区分保留,2026 WorldTeam外・現役／引退を断定せず保留,https://en.wikipedia.org/wiki/Special:Search?search=Frederik%20Frison%20cyclist
30,Matteo Trentin,,対象外,,イタリア,現代,TT・ルーラー型,クラシック型,61,78,平坦アシスト / 平坦ペースメーカー / TT牽引,,巡航力 / 連携力 / スタミナ,3550,68,65,61,75,66,72,70,71,66,69,64,63,75,64,66,43,3,0,0,結果照合済,最高43位 / 完走3回 / Top10 0回 / 優勝0回,https://bikeraceinfo.com/classics/paris-roubaix/pr2019.html,能力・適性・Credit整合済,"世界選手権ロード・個人TT表彰台実績を補正後、能力別順位上限を適用（85は各能力最大2名・1選手最大2項目）。パヴェはパリ〜ルーベ主基準・ロンド優勝を加点＋最低保証。役割・戦術特性を単一カテゴリへ統合。エース適性降順、同点はCredit・15能力平均・選手名順でNo.を再採番。役割人数を300名内順位で制御（TTスペシャリスト20、TT牽引45、平坦アシスト60、横風要員35、逃げ屋50）。エース適性90以上は名称に「アシスト」を含む役割を付与しない。Remco Evenepoel、Wout van Aert、Mathieu van der Poelは超ロングスパート固定。能力値を偏差値型分布（中央値約70）へ再配分。Tadej Pogacarのみ特別枠、各能力85は1〜2名、その他は84以下。能力・適性整合: エース適性は従来評価70%＋主脚質能力20%＋負けん気・エゴ10%＋主要実績、アシスト適性は支援能力70%＋従来評価30%で再計算。Creditは適性・主脚質能力・支援力・主要実績・85能力数から算定。能力・適性整合: エース適性は従来評価70%＋主脚質能力20%＋負けん気・エゴ10%＋主要実績、アシスト適性は支援能力70%＋従来評価30%で再計算。Creditは適性・主脚質能力・支援力・主要実績・85能力数・上位帯プレミアムから算定。上位5名はゲーム内基準価格を適用。Credit再計算: 適性・主脚質能力・支援力・主要実績・85能力数・上位帯プレミアムから算定。ポガチャル20,000、ファンデルプール／ビンゲゴー13,000、ワウト／エベネプール12,500を上位基準価格として固定。エース適性42%・主脚質能力28%・アシスト適性12%・総合能力8%・主要実績6%・知名度4%の合成順位を価格曲線へ変換し、上位5名は指定基準価格を適用。Credit全選手再査定: 現役・引退・区分保留の全選手を同一母集団で標準化。エース適性50%・主脚質能力20%・アシスト適性8%・総合能力5%・主要実績12%・知名度5%の合成順位を価格曲線へ変換し、上位5名は指定基準価格を適用",https://en.wikipedia.org/wiki/Special:Search?search=Matteo%20Trentin%20cyclist,0,1,0,0,0,0,ロード 金0/銀1/銅0、ITT 金0/銀0/銅0,https://www.uci.org/discipline/road/6TBjsDD8902tud440iv1Cu?discipline=ROA&tab=results,,,区分保留,2026 WorldTeam外・現役／引退を断定せず保留,https://en.wikipedia.org/wiki/Special:Search?search=Matteo%20Trentin%20cyclist
31,Roger Kluge,,対象外,,ドイツ,現代,スプリンター,TT・ルーラー型,61,70,リードアウト / 最終発射台 / スプリントトレイン,,最高速 / 加速力 / 自己主張,2800,77,77,65,66,57,57,57,63,57,69,57,57,62,74,57,44,3,0,0,結果照合済,最高44位 / 完走3回 / Top10 0回 / 優勝0回,https://bikeraceinfo.com/classics/paris-roubaix/pr2014.html,能力・適性・Credit整合済,"世界選手権ロード・個人TT表彰台実績を補正後、能力別順位上限を適用（85は各能力最大2名・1選手最大2項目）。パヴェはパリ〜ルーベ主基準・ロンド優勝を加点＋最低保証。役割・戦術特性を単一カテゴリへ統合。エース適性降順、同点はCredit・15能力平均・選手名順でNo.を再採番。役割人数を300名内順位で制御（TTスペシャリスト20、TT牽引45、平坦アシスト60、横風要員35、逃げ屋50）。エース適性90以上は名称に「アシスト」を含む役割を付与しない。Remco Evenepoel、Wout van Aert、Mathieu van der Poelは超ロングスパート固定。能力値を偏差値型分布（中央値約70）へ再配分。Tadej Pogacarのみ特別枠、各能力85は1〜2名、その他は84以下。能力・適性整合: エース適性は従来評価70%＋主脚質能力20%＋負けん気・エゴ10%＋主要実績、アシスト適性は支援能力70%＋従来評価30%で再計算。Creditは適性・主脚質能力・支援力・主要実績・85能力数から算定。能力・適性整合: エース適性は従来評価70%＋主脚質能力20%＋負けん気・エゴ10%＋主要実績、アシスト適性は支援能力70%＋従来評価30%で再計算。Creditは適性・主脚質能力・支援力・主要実績・85能力数・上位帯プレミアムから算定。上位5名はゲーム内基準価格を適用。Credit再計算: 適性・主脚質能力・支援力・主要実績・85能力数・上位帯プレミアムから算定。ポガチャル20,000、ファンデルプール／ビンゲゴー13,000、ワウト／エベネプール12,500を上位基準価格として固定。エース適性42%・主脚質能力28%・アシスト適性12%・総合能力8%・主要実績6%・知名度4%の合成順位を価格曲線へ変換し、上位5名は指定基準価格を適用。Credit全選手再査定: 現役・引退・区分保留の全選手を同一母集団で標準化。エース適性50%・主脚質能力20%・アシスト適性8%・総合能力5%・主要実績12%・知名度5%の合成順位を価格曲線へ変換し、上位5名は指定基準価格を適用",https://en.wikipedia.org/wiki/Special:Search?search=Roger%20Kluge%20cyclist,0,0,0,0,0,0,ロード 金0/銀0/銅0、ITT 金0/銀0/銅0,,,,区分保留,2026 WorldTeam外・現役／引退を断定せず保留,https://en.wikipedia.org/wiki/Special:Search?search=Roger%20Kluge%20cyclist
32,Tim Declercq,,対象外,,ベルギー,現代,TT・ルーラー型,クラシック型,60,79,平坦アシスト / 平坦ペースメーカー / 集団コントローラー,,連携力 / 巡航力 / スタミナ,3000,61,57,57,72,67,71,67,68,67,69,71,71,79,60,68,41,1,0,0,手動検証済,最高39位,https://bikeraceinfo.com/classics/paris-roubaix/pr2015.html,能力・適性・Credit整合済,"世界選手権ロード・個人TT表彰台実績を補正後、能力別順位上限を適用（85は各能力最大2名・1選手最大2項目）。パヴェはパリ〜ルーベ主基準・ロンド優勝を加点＋最低保証。役割・戦術特性を単一カテゴリへ統合。エース適性降順、同点はCredit・15能力平均・選手名順でNo.を再採番。役割人数を300名内順位で制御（TTスペシャリスト20、TT牽引45、平坦アシスト60、横風要員35、逃げ屋50）。エース適性90以上は名称に「アシスト」を含む役割を付与しない。Remco Evenepoel、Wout van Aert、Mathieu van der Poelは超ロングスパート固定。能力値を偏差値型分布（中央値約70）へ再配分。Tadej Pogacarのみ特別枠、各能力85は1〜2名、その他は84以下。能力・適性整合: エース適性は従来評価70%＋主脚質能力20%＋負けん気・エゴ10%＋主要実績、アシスト適性は支援能力70%＋従来評価30%で再計算。Creditは適性・主脚質能力・支援力・主要実績・85能力数から算定。能力・適性整合: エース適性は従来評価70%＋主脚質能力20%＋負けん気・エゴ10%＋主要実績、アシスト適性は支援能力70%＋従来評価30%で再計算。Creditは適性・主脚質能力・支援力・主要実績・85能力数・上位帯プレミアムから算定。上位5名はゲーム内基準価格を適用。Credit再計算: 適性・主脚質能力・支援力・主要実績・85能力数・上位帯プレミアムから算定。ポガチャル20,000、ファンデルプール／ビンゲゴー13,000、ワウト／エベネプール12,500を上位基準価格として固定。エース適性42%・主脚質能力28%・アシスト適性12%・総合能力8%・主要実績6%・知名度4%の合成順位を価格曲線へ変換し、上位5名は指定基準価格を適用。Credit全選手再査定: 現役・引退・区分保留の全選手を同一母集団で標準化。エース適性50%・主脚質能力20%・アシスト適性8%・総合能力5%・主要実績12%・知名度5%の合成順位を価格曲線へ変換し、上位5名は指定基準価格を適用",https://en.wikipedia.org/wiki/Special:Search?search=Tim%20Declercq%20cyclist,0,0,0,0,0,0,ロード 金0/銀0/銅0、ITT 金0/銀0/銅0,,,,区分保留,2026 WorldTeam外・現役／引退を断定せず保留,https://en.wikipedia.org/wiki/Special:Search?search=Tim%20Declercq%20cyclist
33,Salvatore Puccio,,対象外,,イタリア,現代,TT・ルーラー型,クラシック型,60,77,TT牽引 / 集団コントローラー / トラブル復帰牽引,,巡航力 / 連携力 / 技術力,2850,68,66,63,73,68,68,66,69,68,64,65,65,73,66,65,112,1,0,0,結果照合済,最高112位 / 完走1回 / Top10 0回 / 優勝0回,https://bikeraceinfo.com/classics/paris-roubaix/pr2014.html,能力・適性・Credit整合済,"世界選手権ロード・個人TT表彰台実績を補正後、能力別順位上限を適用（85は各能力最大2名・1選手最大2項目）。パヴェはパリ〜ルーベ主基準・ロンド優勝を加点＋最低保証。役割・戦術特性を単一カテゴリへ統合。エース適性降順、同点はCredit・15能力平均・選手名順でNo.を再採番。役割人数を300名内順位で制御（TTスペシャリスト20、TT牽引45、平坦アシスト60、横風要員35、逃げ屋50）。エース適性90以上は名称に「アシスト」を含む役割を付与しない。Remco Evenepoel、Wout van Aert、Mathieu van der Poelは超ロングスパート固定。能力値を偏差値型分布（中央値約70）へ再配分。Tadej Pogacarのみ特別枠、各能力85は1〜2名、その他は84以下。能力・適性整合: エース適性は従来評価70%＋主脚質能力20%＋負けん気・エゴ10%＋主要実績、アシスト適性は支援能力70%＋従来評価30%で再計算。Creditは適性・主脚質能力・支援力・主要実績・85能力数から算定。能力・適性整合: エース適性は従来評価70%＋主脚質能力20%＋負けん気・エゴ10%＋主要実績、アシスト適性は支援能力70%＋従来評価30%で再計算。Creditは適性・主脚質能力・支援力・主要実績・85能力数・上位帯プレミアムから算定。上位5名はゲーム内基準価格を適用。Credit再計算: 適性・主脚質能力・支援力・主要実績・85能力数・上位帯プレミアムから算定。ポガチャル20,000、ファンデルプール／ビンゲゴー13,000、ワウト／エベネプール12,500を上位基準価格として固定。エース適性42%・主脚質能力28%・アシスト適性12%・総合能力8%・主要実績6%・知名度4%の合成順位を価格曲線へ変換し、上位5名は指定基準価格を適用。Credit全選手再査定: 現役・引退・区分保留の全選手を同一母集団で標準化。エース適性50%・主脚質能力20%・アシスト適性8%・総合能力5%・主要実績12%・知名度5%の合成順位を価格曲線へ変換し、上位5名は指定基準価格を適用",https://en.wikipedia.org/wiki/Special:Search?search=Salvatore%20Puccio%20cyclist,0,0,0,0,0,0,ロード 金0/銀0/銅0、ITT 金0/銀0/銅0,,,,区分保留,2026 WorldTeam外・現役／引退を断定せず保留,https://en.wikipedia.org/wiki/Special:Search?search=Salvatore%20Puccio%20cyclist
34,Nelson Oliveira,,対象外,,ポルトガル,現代,TT・ルーラー型,総合型,60,77,ロードキャプテン / 平坦ペースメーカー / 集団コントローラー,,巡航力 / 連携力 / 登坂力,2850,64,61,64,72,71,69,66,69,63,64,69,68,72,63,62,61,1,0,0,結果照合済,最高61位 / 完走1回 / Top10 0回 / 優勝0回,https://bikeraceinfo.com/classics/paris-roubaix/pr2015.html,能力・適性・Credit整合済,"世界選手権ロード・個人TT表彰台実績を補正後、能力別順位上限を適用（85は各能力最大2名・1選手最大2項目）。パヴェはパリ〜ルーベ主基準・ロンド優勝を加点＋最低保証。役割・戦術特性を単一カテゴリへ統合。エース適性降順、同点はCredit・15能力平均・選手名順でNo.を再採番。役割人数を300名内順位で制御（TTスペシャリスト20、TT牽引45、平坦アシスト60、横風要員35、逃げ屋50）。エース適性90以上は名称に「アシスト」を含む役割を付与しない。Remco Evenepoel、Wout van Aert、Mathieu van der Poelは超ロングスパート固定。能力値を偏差値型分布（中央値約70）へ再配分。Tadej Pogacarのみ特別枠、各能力85は1〜2名、その他は84以下。能力・適性整合: エース適性は従来評価70%＋主脚質能力20%＋負けん気・エゴ10%＋主要実績、アシスト適性は支援能力70%＋従来評価30%で再計算。Creditは適性・主脚質能力・支援力・主要実績・85能力数から算定。能力・適性整合: エース適性は従来評価70%＋主脚質能力20%＋負けん気・エゴ10%＋主要実績、アシスト適性は支援能力70%＋従来評価30%で再計算。Creditは適性・主脚質能力・支援力・主要実績・85能力数・上位帯プレミアムから算定。上位5名はゲーム内基準価格を適用。Credit再計算: 適性・主脚質能力・支援力・主要実績・85能力数・上位帯プレミアムから算定。ポガチャル20,000、ファンデルプール／ビンゲゴー13,000、ワウト／エベネプール12,500を上位基準価格として固定。エース適性42%・主脚質能力28%・アシスト適性12%・総合能力8%・主要実績6%・知名度4%の合成順位を価格曲線へ変換し、上位5名は指定基準価格を適用。Credit全選手再査定: 現役・引退・区分保留の全選手を同一母集団で標準化。エース適性50%・主脚質能力20%・アシスト適性8%・総合能力5%・主要実績12%・知名度5%の合成順位を価格曲線へ変換し、上位5名は指定基準価格を適用",https://en.wikipedia.org/wiki/Special:Search?search=Nelson%20Oliveira%20cyclist,0,0,0,0,0,0,ロード 金0/銀0/銅0、ITT 金0/銀0/銅0,,,,区分保留,2026 WorldTeam外・現役／引退を断定せず保留,https://en.wikipedia.org/wiki/Special:Search?search=Nelson%20Oliveira%20cyclist
35,Nathan Van Hooydonck,,対象外,,ベルギー,現代,TT・ルーラー型,クラシック型,59,79,平坦アシスト / TT牽引 / 集団コントローラー,,巡航力 / 連携力 / 技術力,3000,68,67,66,75,68,70,67,71,69,69,67,67,75,68,67,47,1,0,0,結果照合済,最高47位 / 完走1回 / Top10 0回 / 優勝0回,https://bikeraceinfo.com/classics/paris-roubaix/pr2019.html,能力・適性・Credit整合済,"世界選手権ロード・個人TT表彰台実績を補正後、能力別順位上限を適用（85は各能力最大2名・1選手最大2項目）。パヴェはパリ〜ルーベ主基準・ロンド優勝を加点＋最低保証。役割・戦術特性を単一カテゴリへ統合。エース適性降順、同点はCredit・15能力平均・選手名順でNo.を再採番。役割人数を300名内順位で制御（TTスペシャリスト20、TT牽引45、平坦アシスト60、横風要員35、逃げ屋50）。エース適性90以上は名称に「アシスト」を含む役割を付与しない。Remco Evenepoel、Wout van Aert、Mathieu van der Poelは超ロングスパート固定。能力値を偏差値型分布（中央値約70）へ再配分。Tadej Pogacarのみ特別枠、各能力85は1〜2名、その他は84以下。能力・適性整合: エース適性は従来評価70%＋主脚質能力20%＋負けん気・エゴ10%＋主要実績、アシスト適性は支援能力70%＋従来評価30%で再計算。Creditは適性・主脚質能力・支援力・主要実績・85能力数から算定。能力・適性整合: エース適性は従来評価70%＋主脚質能力20%＋負けん気・エゴ10%＋主要実績、アシスト適性は支援能力70%＋従来評価30%で再計算。Creditは適性・主脚質能力・支援力・主要実績・85能力数・上位帯プレミアムから算定。上位5名はゲーム内基準価格を適用。Credit再計算: 適性・主脚質能力・支援力・主要実績・85能力数・上位帯プレミアムから算定。ポガチャル20,000、ファンデルプール／ビンゲゴー13,000、ワウト／エベネプール12,500を上位基準価格として固定。エース適性42%・主脚質能力28%・アシスト適性12%・総合能力8%・主要実績6%・知名度4%の合成順位を価格曲線へ変換し、上位5名は指定基準価格を適用。Credit全選手再査定: 現役・引退・区分保留の全選手を同一母集団で標準化。エース適性50%・主脚質能力20%・アシスト適性8%・総合能力5%・主要実績12%・知名度5%の合成順位を価格曲線へ変換し、上位5名は指定基準価格を適用",https://en.wikipedia.org/wiki/Special:Search?search=Nathan%20Van%20Hooydonck%20cyclist,0,0,0,0,0,0,ロード 金0/銀0/銅0、ITT 金0/銀0/銅0,,,,区分保留,2026 WorldTeam外・現役／引退を断定せず保留,https://en.wikipedia.org/wiki/Special:Search?search=Nathan%20Van%20Hooydonck%20cyclist
36,Jack Bauer,,対象外,,ニュージーランド,現代,TT・ルーラー型,クラシック型,59,77,TT牽引 / 集団コントローラー / トラブル復帰牽引,,連携力 / 巡航力 / 技術力,2850,68,66,65,73,68,68,67,70,68,64,66,66,74,66,67,77,3,0,0,結果照合済,最高77位 / 完走3回 / Top10 0回 / 優勝0回,https://bikeraceinfo.com/classics/paris-roubaix/pr2015.html,能力・適性・Credit整合済,"世界選手権ロード・個人TT表彰台実績を補正後、能力別順位上限を適用（85は各能力最大2名・1選手最大2項目）。パヴェはパリ〜ルーベ主基準・ロンド優勝を加点＋最低保証。役割・戦術特性を単一カテゴリへ統合。エース適性降順、同点はCredit・15能力平均・選手名順でNo.を再採番。役割人数を300名内順位で制御（TTスペシャリスト20、TT牽引45、平坦アシスト60、横風要員35、逃げ屋50）。エース適性90以上は名称に「アシスト」を含む役割を付与しない。Remco Evenepoel、Wout van Aert、Mathieu van der Poelは超ロングスパート固定。能力値を偏差値型分布（中央値約70）へ再配分。Tadej Pogacarのみ特別枠、各能力85は1〜2名、その他は84以下。能力・適性整合: エース適性は従来評価70%＋主脚質能力20%＋負けん気・エゴ10%＋主要実績、アシスト適性は支援能力70%＋従来評価30%で再計算。Creditは適性・主脚質能力・支援力・主要実績・85能力数から算定。能力・適性整合: エース適性は従来評価70%＋主脚質能力20%＋負けん気・エゴ10%＋主要実績、アシスト適性は支援能力70%＋従来評価30%で再計算。Creditは適性・主脚質能力・支援力・主要実績・85能力数・上位帯プレミアムから算定。上位5名はゲーム内基準価格を適用。Credit再計算: 適性・主脚質能力・支援力・主要実績・85能力数・上位帯プレミアムから算定。ポガチャル20,000、ファンデルプール／ビンゲゴー13,000、ワウト／エベネプール12,500を上位基準価格として固定。エース適性42%・主脚質能力28%・アシスト適性12%・総合能力8%・主要実績6%・知名度4%の合成順位を価格曲線へ変換し、上位5名は指定基準価格を適用。Credit全選手再査定: 現役・引退・区分保留の全選手を同一母集団で標準化。エース適性50%・主脚質能力20%・アシスト適性8%・総合能力5%・主要実績12%・知名度5%の合成順位を価格曲線へ変換し、上位5名は指定基準価格を適用",https://en.wikipedia.org/wiki/Special:Search?search=Jack%20Bauer%20cyclist,0,0,0,0,0,0,ロード 金0/銀0/銅0、ITT 金0/銀0/銅0,,,,区分保留,2026 WorldTeam外・現役／引退を断定せず保留,https://en.wikipedia.org/wiki/Special:Search?search=Jack%20Bauer%20cyclist
37,Michael Hepburn,,対象外,,オーストラリア,現代,TT・ルーラー型,クラシック型,59,77,平坦ペースメーカー / TT牽引 / 集団コントローラー,,連携力 / 巡航力 / 技術力,2850,68,65,62,72,67,67,65,69,67,64,65,64,73,65,64,98,2,0,0,結果照合済,最高98位 / 完走2回 / Top10 0回 / 優勝0回,https://bikeraceinfo.com/classics/paris-roubaix/pr2019.html,能力・適性・Credit整合済,"世界選手権ロード・個人TT表彰台実績を補正後、能力別順位上限を適用（85は各能力最大2名・1選手最大2項目）。パヴェはパリ〜ルーベ主基準・ロンド優勝を加点＋最低保証。役割・戦術特性を単一カテゴリへ統合。エース適性降順、同点はCredit・15能力平均・選手名順でNo.を再採番。役割人数を300名内順位で制御（TTスペシャリスト20、TT牽引45、平坦アシスト60、横風要員35、逃げ屋50）。エース適性90以上は名称に「アシスト」を含む役割を付与しない。Remco Evenepoel、Wout van Aert、Mathieu van der Poelは超ロングスパート固定。能力値を偏差値型分布（中央値約70）へ再配分。Tadej Pogacarのみ特別枠、各能力85は1〜2名、その他は84以下。能力・適性整合: エース適性は従来評価70%＋主脚質能力20%＋負けん気・エゴ10%＋主要実績、アシスト適性は支援能力70%＋従来評価30%で再計算。Creditは適性・主脚質能力・支援力・主要実績・85能力数から算定。能力・適性整合: エース適性は従来評価70%＋主脚質能力20%＋負けん気・エゴ10%＋主要実績、アシスト適性は支援能力70%＋従来評価30%で再計算。Creditは適性・主脚質能力・支援力・主要実績・85能力数・上位帯プレミアムから算定。上位5名はゲーム内基準価格を適用。Credit再計算: 適性・主脚質能力・支援力・主要実績・85能力数・上位帯プレミアムから算定。ポガチャル20,000、ファンデルプール／ビンゲゴー13,000、ワウト／エベネプール12,500を上位基準価格として固定。エース適性42%・主脚質能力28%・アシスト適性12%・総合能力8%・主要実績6%・知名度4%の合成順位を価格曲線へ変換し、上位5名は指定基準価格を適用。Credit全選手再査定: 現役・引退・区分保留の全選手を同一母集団で標準化。エース適性50%・主脚質能力20%・アシスト適性8%・総合能力5%・主要実績12%・知名度5%の合成順位を価格曲線へ変換し、上位5名は指定基準価格を適用",https://en.wikipedia.org/wiki/Special:Search?search=Michael%20Hepburn%20cyclist,0,0,0,0,0,0,ロード 金0/銀0/銅0、ITT 金0/銀0/銅0,,,,区分保留,2026 WorldTeam外・現役／引退を断定せず保留,https://en.wikipedia.org/wiki/Special:Search?search=Michael%20Hepburn%20cyclist
38,Luke Rowe,,対象外,,イギリス,現代,クラシック型,TT・ルーラー型,57,82,ロードキャプテン / 平坦アシスト / 石畳護衛,,バイクコントロール / 連携力 / パヴェ適性,3300,67,69,72,69,65,67,74,77,80,78,71,70,80,60,74,8,3,1,0,手動検証済,2015年8位、2016年14位、10回出走8回完走,https://bikeraceinfo.com/classics/paris-roubaix/pr2015.html,能力・適性・Credit整合済,"世界選手権ロード・個人TT表彰台実績を補正後、能力別順位上限を適用（85は各能力最大2名・1選手最大2項目）。パヴェはパリ〜ルーベ主基準・ロンド優勝を加点＋最低保証。役割・戦術特性を単一カテゴリへ統合。エース適性降順、同点はCredit・15能力平均・選手名順でNo.を再採番。役割人数を300名内順位で制御（TTスペシャリスト20、TT牽引45、平坦アシスト60、横風要員35、逃げ屋50）。エース適性90以上は名称に「アシスト」を含む役割を付与しない。Remco Evenepoel、Wout van Aert、Mathieu van der Poelは超ロングスパート固定。能力値を偏差値型分布（中央値約70）へ再配分。Tadej Pogacarのみ特別枠、各能力85は1〜2名、その他は84以下。能力・適性整合: エース適性は従来評価70%＋主脚質能力20%＋負けん気・エゴ10%＋主要実績、アシスト適性は支援能力70%＋従来評価30%で再計算。Creditは適性・主脚質能力・支援力・主要実績・85能力数から算定。能力・適性整合: エース適性は従来評価70%＋主脚質能力20%＋負けん気・エゴ10%＋主要実績、アシスト適性は支援能力70%＋従来評価30%で再計算。Creditは適性・主脚質能力・支援力・主要実績・85能力数・上位帯プレミアムから算定。上位5名はゲーム内基準価格を適用。Credit再計算: 適性・主脚質能力・支援力・主要実績・85能力数・上位帯プレミアムから算定。ポガチャル20,000、ファンデルプール／ビンゲゴー13,000、ワウト／エベネプール12,500を上位基準価格として固定。エース適性42%・主脚質能力28%・アシスト適性12%・総合能力8%・主要実績6%・知名度4%の合成順位を価格曲線へ変換し、上位5名は指定基準価格を適用。Credit全選手再査定: 現役・引退・区分保留の全選手を同一母集団で標準化。エース適性50%・主脚質能力20%・アシスト適性8%・総合能力5%・主要実績12%・知名度5%の合成順位を価格曲線へ変換し、上位5名は指定基準価格を適用",https://en.wikipedia.org/wiki/Special:Search?search=Luke%20Rowe%20cyclist,0,0,0,0,0,0,ロード 金0/銀0/銅0、ITT 金0/銀0/銅0,,,,区分保留,2026 WorldTeam外・現役／引退を断定せず保留,https://en.wikipedia.org/wiki/Special:Search?search=Luke%20Rowe%20cyclist
39,Simon Geschke,,対象外,,ドイツ,現代,クラシック型,TT・ルーラー型,55,78,ロードキャプテン / 平坦アシスト / 石畳護衛,,技術力 / バイクコントロール / 最高速,2800,73,71,73,69,65,67,71,76,76,50,67,67,71,69,72,,0,0,0,要出走確認,1960〜2026完走順位との一致なし。未出走または表記差を要確認,https://bikeraceinfo.com/classics/paris-roubaix/paris-roubaix-index.html,能力・適性・Credit整合済,"世界選手権ロード・個人TT表彰台実績を補正後、能力別順位上限を適用（85は各能力最大2名・1選手最大2項目）。パヴェはパリ〜ルーベ主基準・ロンド優勝を加点＋最低保証。役割・戦術特性を単一カテゴリへ統合。エース適性降順、同点はCredit・15能力平均・選手名順でNo.を再採番。役割人数を300名内順位で制御（TTスペシャリスト20、TT牽引45、平坦アシスト60、横風要員35、逃げ屋50）。エース適性90以上は名称に「アシスト」を含む役割を付与しない。Remco Evenepoel、Wout van Aert、Mathieu van der Poelは超ロングスパート固定。能力値を偏差値型分布（中央値約70）へ再配分。Tadej Pogacarのみ特別枠、各能力85は1〜2名、その他は84以下。能力・適性整合: エース適性は従来評価70%＋主脚質能力20%＋負けん気・エゴ10%＋主要実績、アシスト適性は支援能力70%＋従来評価30%で再計算。Creditは適性・主脚質能力・支援力・主要実績・85能力数から算定。能力・適性整合: エース適性は従来評価70%＋主脚質能力20%＋負けん気・エゴ10%＋主要実績、アシスト適性は支援能力70%＋従来評価30%で再計算。Creditは適性・主脚質能力・支援力・主要実績・85能力数・上位帯プレミアムから算定。上位5名はゲーム内基準価格を適用。Credit再計算: 適性・主脚質能力・支援力・主要実績・85能力数・上位帯プレミアムから算定。ポガチャル20,000、ファンデルプール／ビンゲゴー13,000、ワウト／エベネプール12,500を上位基準価格として固定。エース適性42%・主脚質能力28%・アシスト適性12%・総合能力8%・主要実績6%・知名度4%の合成順位を価格曲線へ変換し、上位5名は指定基準価格を適用。Credit全選手再査定: 現役・引退・区分保留の全選手を同一母集団で標準化。エース適性50%・主脚質能力20%・アシスト適性8%・総合能力5%・主要実績12%・知名度5%の合成順位を価格曲線へ変換し、上位5名は指定基準価格を適用",https://en.wikipedia.org/wiki/Special:Search?search=Simon%20Geschke%20cyclist,0,0,0,0,0,0,ロード 金0/銀0/銅0、ITT 金0/銀0/銅0,,,,区分保留,2026 WorldTeam外・現役／引退を断定せず保留,https://en.wikipedia.org/wiki/Special:Search?search=Simon%20Geschke%20cyclist
40,Yukiya Arashiro,,対象外,,日本,現代,クラシック型,パンチャー,55,80,ロードキャプテン / 平坦アシスト / 石畳護衛,,連携力 / バイクコントロール / 闘争心,2800,65,69,72,68,67,70,72,68,74,57,72,72,76,57,73,,0,0,0,手動検証済,1回出走、完走なし,https://www.paris-roubaix.fr/en/history,能力・適性・Credit整合済,"世界選手権ロード・個人TT表彰台実績を補正後、能力別順位上限を適用（85は各能力最大2名・1選手最大2項目）。パヴェはパリ〜ルーベ主基準・ロンド優勝を加点＋最低保証。役割・戦術特性を単一カテゴリへ統合。エース適性降順、同点はCredit・15能力平均・選手名順でNo.を再採番。役割人数を300名内順位で制御（TTスペシャリスト20、TT牽引45、平坦アシスト60、横風要員35、逃げ屋50）。エース適性90以上は名称に「アシスト」を含む役割を付与しない。Remco Evenepoel、Wout van Aert、Mathieu van der Poelは超ロングスパート固定。能力値を偏差値型分布（中央値約70）へ再配分。Tadej Pogacarのみ特別枠、各能力85は1〜2名、その他は84以下。能力・適性整合: エース適性は従来評価70%＋主脚質能力20%＋負けん気・エゴ10%＋主要実績、アシスト適性は支援能力70%＋従来評価30%で再計算。Creditは適性・主脚質能力・支援力・主要実績・85能力数から算定。能力・適性整合: エース適性は従来評価70%＋主脚質能力20%＋負けん気・エゴ10%＋主要実績、アシスト適性は支援能力70%＋従来評価30%で再計算。Creditは適性・主脚質能力・支援力・主要実績・85能力数・上位帯プレミアムから算定。上位5名はゲーム内基準価格を適用。Credit再計算: 適性・主脚質能力・支援力・主要実績・85能力数・上位帯プレミアムから算定。ポガチャル20,000、ファンデルプール／ビンゲゴー13,000、ワウト／エベネプール12,500を上位基準価格として固定。エース適性42%・主脚質能力28%・アシスト適性12%・総合能力8%・主要実績6%・知名度4%の合成順位を価格曲線へ変換し、上位5名は指定基準価格を適用。Credit全選手再査定: 現役・引退・区分保留の全選手を同一母集団で標準化。エース適性50%・主脚質能力20%・アシスト適性8%・総合能力5%・主要実績12%・知名度5%の合成順位を価格曲線へ変換し、上位5名は指定基準価格を適用",https://en.wikipedia.org/wiki/Special:Search?search=Yukiya%20Arashiro%20cyclist,0,0,0,0,0,0,ロード 金0/銀0/銅0、ITT 金0/銀0/銅0,,,,区分保留,2026 WorldTeam外・現役／引退を断定せず保留,https://en.wikipedia.org/wiki/Special:Search?search=Yukiya%20Arashiro%20cyclist
